mc	mn	mc_onset	mn_onset	timesig	staff	voice	duration	nominal_duration	scalar	tied	tpc	midi	chord_id
1	1	0	0	4/4	3	1	1/4	1/4	1		3	57	7
1	1	0	0	4/4	1	1	1/8	1/8	1		3	69	0
1	1	1/8	1/8	4/4	1	1	1/8	1/8	1		3	69	1
1	1	1/4	1/4	4/4	3	1	1/4	1/4	1		1	55	8
1	1	1/4	1/4	4/4	1	1	1/8	1/8	1		3	69	2
1	1	3/8	3/8	4/4	1	1	1/8	1/8	1		5	71	3
1	1	1/2	1/2	4/4	3	1	1/4	1/4	1		-1	53	9
1	1	1/2	1/2	4/4	1	1	1/4	1/4	1		0	72	4
1	1	3/4	3/4	4/4	3	1	1/4	1/4	1		4	52	10
1	1	3/4	3/4	4/4	1	1	1/8	1/8	1		0	72	5
1	1	7/8	7/8	4/4	1	1	1/8	1/8	1		2	74	6
2	2	0	0	4/4	3	1	1/4	1/4	1		2	50	13
2	2	0	0	4/4	1	1	1/2	1/2	1		5	71	11
2	2	1/4	1/4	4/4	3	1	1/4	1/4	1		4	52	14
2	2	1/2	1/2	4/4	3	1	1/4	1/4	1		3	45	15
2	2	1/2	1/2	4/4	1	1	1/2	1/2	1		3	69	12
2	2	3/4	3/4	4/4	3	1	1/4	1/4	1		5	47	16
3	3	0	0	4/4	3	1	1/4	1/4	1		0	48	23
3	3	1/8	1/8	4/4	1	1	1/8	1/8	1		1	67	17
3	3	1/4	1/4	4/4	3	1	1/4	1/4	1		5	47	24
3	3	1/4	1/4	4/4	1	1	1/8	1/8	1		3	69	18
3	3	3/8	3/8	4/4	1	1	1/8	1/8	1		5	71	19
3	3	1/2	1/2	4/4	3	1	1/4	1/4	1		3	45	25
3	3	1/2	1/2	4/4	1	1	1/4	1/4	1		0	72	20
3	3	3/4	3/4	4/4	3	1	1/4	1/4	1		1	43	26
3	3	3/4	3/4	4/4	1	1	1/8	1/8	1		0	72	21
3	3	7/8	7/8	4/4	1	1	1/8	1/8	1		2	74	22
4	4	0	0	4/4	3	1	1/4	1/4	1		-1	41	32
4	4	0	0	4/4	1	1	1/8	1/8	1		2	74	27
4	4	1/8	1/8	4/4	1	1	1/8	1/8	1		4	76	28
4	4	1/4	1/4	4/4	3	1	1/4	1/4	1		4	40	33
4	4	1/4	1/4	4/4	1	1	1/8	1/8	1		-1	77	29
4	4	3/8	3/8	4/4	1	1	1/8	1/8	1		4	76	30
4	4	1/2	1/2	4/4	3	1	1/4	1/4	1	1	1	43	34
4	4	1/2	1/2	4/4	1	1	1/2	1/2	1		2	74	31
4	4	3/4	3/4	4/4	3	1	1/4	1/4	1	-1	1	43	35
5	5	0	0	4/4	3	1	1/4	1/4	1		0	48	40
5	5	0	0	4/4	1	1	1	1	1		0	72	36
5	5	1/4	1/4	4/4	3	1	1/4	1/4	1		2	50	41
5	5	1/4	1/4	4/4	2	1	1/4	1/4	1		4	64	37
5	5	1/2	1/2	4/4	3	1	1/4	1/4	1		4	52	42
5	5	1/2	1/2	4/4	2	1	3/8	1/4	3/2		4	64	38
5	5	3/4	3/4	4/4	3	1	1/4	1/4	1		2	50	43
5	5	7/8	7/8	4/4	2	1	1/8	1/8	1		6	66	39
6	6	0	0	4/4	3	1	1/4	1/4	1		0	48	50
6	6	0	0	4/4	2	1	1/8	1/8	1		1	67	44
6	6	1/8	1/8	4/4	2	1	1/8	1/8	1		1	67	45
6	6	1/4	1/4	4/4	3	1	1/4	1/4	1		5	47	51
6	6	1/4	1/4	4/4	2	1	1/8	1/8	1		1	67	46
6	6	3/8	3/8	4/4	2	1	1/8	1/8	1		1	67	47
6	6	1/2	1/2	4/4	3	1	1/4	1/4	1	1	2	50	52
6	6	1/2	1/2	4/4	2	1	3/8	1/4	3/2		1	67	48
6	6	3/4	3/4	4/4	3	1	1/4	1/4	1	-1	2	50	53
6	6	7/8	7/8	4/4	2	1	1/8	1/8	1		6	66	49
7	7	0	0	4/4	3	1	1/2	1/2	1		1	43	59
7	7	0	0	4/4	2	1	1/4	1/4	1		1	67	54
7	7	1/4	1/4	4/4	2	1	1/4	1/4	1		2	62	55
7	7	1/2	1/2	4/4	3	1	1/4	1/4	1		3	45	60
7	7	1/2	1/2	4/4	2	1	1/4	1/4	1		-1	65	56
7	7	3/4	3/4	4/4	3	1	1/4	1/4	1		0	48	61
7	7	3/4	3/4	4/4	2	1	1/8	1/8	1		4	64	57
7	7	7/8	7/8	4/4	2	1	1/8	1/8	1		4	64	58
8	8	0	0	4/4	3	1	1/4	1/4	1		1	43	64
8	8	0	0	4/4	2	1	1/2	1/2	1		2	62	62
8	8	1/4	1/4	4/4	3	1	1/4	1/4	1		1	55	65
8	8	1/2	1/2	4/4	3	1	1/4	1/4	1		-1	53	66
8	8	3/4	3/4	4/4	3	1	1/4	1/4	1		4	52	67
8	8	3/4	3/4	4/4	2	1	1/4	1/4	1		4	64	63
9	9	0	0	4/4	3	1	1/4	1/4	1		2	50	74
9	9	0	0	4/4	2	1	3/8	1/4	3/2		-1	65	68
9	9	1/4	1/4	4/4	3	1	1/4	1/4	1		4	52	75
9	9	3/8	3/8	4/4	2	1	1/8	1/8	1		1	67	69
9	9	1/2	1/2	4/4	3	1	1/4	1/4	1		-1	53	76
9	9	1/2	1/2	4/4	2	1	1/8	1/8	1		3	69	70
9	9	5/8	5/8	4/4	2	1	1/8	1/8	1		3	69	71
9	9	3/4	3/4	4/4	3	1	1/4	1/4	1		2	50	77
9	9	3/4	3/4	4/4	2	1	1/8	1/8	1		3	69	72
9	9	7/8	7/8	4/4	2	1	1/8	1/8	1		3	69	73
10	10	0	0	4/4	3	1	1/4	1/4	1	1	4	52	82
10	10	0	0	4/4	2	1	3/8	1/4	3/2		3	69	78
10	10	1/4	1/4	4/4	3	1	1/4	1/4	1	-1	4	52	83
10	10	3/8	3/8	4/4	2	1	1/8	1/8	1		8	68	79
10	10	1/2	1/2	4/4	3	1	1/2	1/2	1		3	45	84
10	10	1/2	1/2	4/4	2	1	1/4	1/4	1		3	69	80
10	10	3/4	3/4	4/4	2	1	1/4	1/4	1		4	64	81
11	11	0	0	4/4	3	1	1/4	1/4	1		5	47	89
11	11	0	0	4/4	2	1	1/4	1/4	1		1	67	85
11	11	1/4	1/4	4/4	3	1	1/4	1/4	1		2	50	90
11	11	1/4	1/4	4/4	2	1	1/8	1/8	1		-1	65	86
11	11	3/8	3/8	4/4	2	1	1/8	1/8	1		-1	65	87
11	11	1/2	1/2	4/4	3	1	1/2	1/2	1		3	45	91
11	11	1/2	1/2	4/4	2	1	1/2	1/2	1		4	64	88
12	12	0	0	4/4	3	1	1/4	1/4	1		3	57	95
12	12	1/4	1/4	4/4	3	1	1/8	1/8	1		1	55	96
12	12	3/8	3/8	4/4	3	1	1/8	1/8	1		3	57	97
12	12	1/2	1/2	4/4	3	1	1/4	1/4	1		6	54	98
12	12	5/8	5/8	4/4	2	1	1/8	1/8	1		3	69	92
12	12	3/4	3/4	4/4	3	1	1/4	1/4	1		4	52	99
12	12	3/4	3/4	4/4	2	1	1/8	1/8	1		1	67	93
12	12	7/8	7/8	4/4	2	1	1/8	1/8	1		3	69	94
13	13	0	0	4/4	3	1	1/4	1/4	1		2	50	105
13	13	0	0	4/4	2	1	1/8	1/8	1		6	66	100
13	13	1/8	1/8	4/4	2	1	1/8	1/8	1		6	66	101
13	13	1/4	1/4	4/4	3	1	1/8	1/8	1		7	49	106
13	13	3/8	3/8	4/4	3	1	1/8	1/8	1		2	50	107
13	13	1/2	1/2	4/4	3	1	1/2	1/2	1		5	47	108
13	13	5/8	5/8	4/4	2	1	1/8	1/8	1		1	67	102
13	13	3/4	3/4	4/4	2	1	1/8	1/8	1		-1	65	103
13	13	7/8	7/8	4/4	2	1	1/8	1/8	1		1	67	104
14	14	0	0	4/4	3	1	1/4	1/4	1		0	48	114
14	14	0	0	4/4	2	1	1/8	1/8	1		4	64	109
14	14	1/8	1/8	4/4	2	1	1/8	1/8	1		4	64	110
14	14	1/4	1/4	4/4	3	1	1/8	1/8	1		5	47	115
14	14	3/8	3/8	4/4	3	1	1/8	1/8	1		0	48	116
14	14	1/2	1/2	4/4	3	1	1/4	1/4	1		3	45	117
14	14	5/8	5/8	4/4	2	1	1/8	1/8	1		-1	65	111
14	14	3/4	3/4	4/4	3	1	1/4	1/4	1		-1	41	118
14	14	3/4	3/4	4/4	2	1	1/8	1/8	1		4	64	112
14	14	7/8	7/8	4/4	2	1	1/8	1/8	1		-1	65	113
15	15	0	0	4/4	3	1	1/4	1/4	1	1	1	43	121
15	15	0	0	4/4	2	1	1/2	1/2	1		2	62	119
15	15	1/4	1/4	4/4	3	1	1/4	1/4	1	-1	1	43	122
15	15	1/2	1/2	4/4	3	1	1/2	1/2	1		0	48	123
15	15	1/2	1/2	4/4	2	1	1/2	1/2	1		0	60	120
16	16	0	0	4/4	3	1	1/4	1/4	1		3	57	135
16	16	0	0	4/4	1	1	1/8	1/8	1		3	69	124
16	16	1/8	1/8	4/4	1	1	1/8	1/8	1		3	69	125
16	16	1/4	1/4	4/4	3	1	1/4	1/4	1		1	55	136
16	16	1/4	1/4	4/4	1	1	1/8	1/8	1		3	69	126
16	16	3/8	3/8	4/4	1	1	1/8	1/8	1		5	71	127
16	16	1/2	1/2	4/4	3	1	1/4	1/4	1		-1	53	137
16	16	1/2	1/2	4/4	2	1	1/8	1/8	1		3	69	131
16	16	1/2	1/2	4/4	1	1	1/4	1/4	1		0	72	128
16	16	5/8	5/8	4/4	2	1	1/8	1/8	1		3	69	132
16	16	3/4	3/4	4/4	3	1	1/8	1/8	1	1	2	50	138
16	16	3/4	3/4	4/4	2	1	1/8	1/8	1		3	69	133
16	16	3/4	3/4	4/4	1	1	1/8	1/8	1		0	72	129
16	16	7/8	7/8	4/4	3	1	1/8	1/8	1	-1	2	50	139
16	16	7/8	7/8	4/4	2	1	1/8	1/8	1		5	71	134
16	16	7/8	7/8	4/4	1	1	1/8	1/8	1		2	74	130
17	17	0	0	4/4	3	1	1/4	1/4	1		4	52	147
17	17	0	0	4/4	1	1	1/4	1/4	1		8	68	140
17	17	0	0	4/4	2	1	1/4	1/4	1		0	72	143
17	17	1/4	1/4	4/4	3	1	1/4	1/4	1		0	48	148
17	17	1/4	1/4	4/4	1	1	1/2	1/2	1		3	69	141
17	17	1/4	1/4	4/4	2	1	1/8	1/8	1		0	72	144
17	17	3/8	3/8	4/4	2	1	1/8	1/8	1		2	74	145
17	17	1/2	1/2	4/4	3	1	1/4	1/4	1		2	50	149
17	17	1/2	1/2	4/4	2	1	1/2	1/2	1		5	71	146
17	17	3/4	3/4	4/4	3	1	1/4	1/4	1		4	52	150
17	17	3/4	3/4	4/4	1	1	1/4	1/4	1		8	68	142
18	18	0	0	4/4	3	1	1/4	1/4	1		3	45	165
18	18	0	0	4/4	1	1	1/8	1/8	1		3	69	151
18	18	0	0	4/4	2	1	1/8	1/8	1		3	69	158
18	18	1/8	1/8	4/4	1	1	1/8	1/8	1		4	64	152
18	18	1/8	1/8	4/4	2	1	1/8	1/8	1		1	67	159
18	18	1/4	1/4	4/4	3	1	1/4	1/4	1		1	55	166
18	18	1/4	1/4	4/4	1	1	1/8	1/8	1		-1	65	153
18	18	1/4	1/4	4/4	2	1	1/8	1/8	1		3	69	160
18	18	3/8	3/8	4/4	1	1	1/8	1/8	1		1	67	154
18	18	3/8	3/8	4/4	2	1	1/8	1/8	1		5	71	161
18	18	1/2	1/2	4/4	3	1	1/4	1/4	1		-1	53	167
18	18	1/2	1/2	4/4	1	1	1/4	1/4	1		3	69	155
18	18	1/2	1/2	4/4	2	1	1/4	1/4	1		0	72	162
18	18	3/4	3/4	4/4	3	1	1/4	1/4	1		4	52	168
18	18	3/4	3/4	4/4	1	1	1/8	1/8	1		3	69	156
18	18	3/4	3/4	4/4	2	1	1/8	1/8	1		0	72	163
18	18	7/8	7/8	4/4	1	1	1/8	1/8	1		3	69	157
18	18	7/8	7/8	4/4	2	1	1/8	1/8	1		2	74	164
19	19	0	0	4/4	3	1	1/4	1/4	1		2	50	180
19	19	0	0	4/4	1	1	1/8	1/8	1		5	71	169
19	19	0	0	4/4	2	1	1/8	1/8	1		2	74	175
19	19	1/8	1/8	4/4	1	1	1/8	1/8	1		0	72	170
19	19	1/8	1/8	4/4	2	1	1/8	1/8	1		4	76	176
19	19	1/4	1/4	4/4	3	1	1/4	1/4	1		4	52	181
19	19	1/4	1/4	4/4	1	1	1/8	1/8	1		2	74	171
19	19	1/4	1/4	4/4	2	1	1/8	1/8	1		-1	77	177
19	19	3/8	3/8	4/4	1	1	1/8	1/8	1		0	72	172
19	19	3/8	3/8	4/4	2	1	1/8	1/8	1		4	76	178
19	19	1/2	1/2	4/4	3	1	1/4	1/4	1		-1	53	182
19	19	1/2	1/2	4/4	1	1	3/8	1/4	3/2		0	72	173
19	19	1/2	1/2	4/4	2	1	1/2	1/2	1		2	74	179
19	19	3/4	3/4	4/4	3	1	1/4	1/4	1		1	55	183
19	19	7/8	7/8	4/4	1	1	1/8	1/8	1		5	71	174
20	20	0	0	4/4	3	1	1/4	1/4	1		0	48	189
20	20	0	0	4/4	1	1	1/4	1/4	1		0	72	184
20	20	0	0	4/4	2	1	1/2	1/2	1		0	72	188
20	20	1/4	1/4	4/4	3	1	1/4	1/4	1		2	50	190
20	20	3/8	3/8	4/4	1	1	1/8	1/8	1		4	64	185
20	20	1/2	1/2	4/4	3	1	1/4	1/4	1		4	52	191
20	20	1/2	1/2	4/4	1	1	3/8	1/4	3/2		4	64	186
20	20	3/4	3/4	4/4	3	1	1/4	1/4	1		2	50	192
20	20	7/8	7/8	4/4	1	1	1/8	1/8	1		6	66	187
21	21	0	0	4/4	3	1	1/4	1/4	1		0	48	199
21	21	0	0	4/4	1	1	1/8	1/8	1		1	67	193
21	21	1/8	1/8	4/4	1	1	1/8	1/8	1		1	67	194
21	21	1/4	1/4	4/4	3	1	1/4	1/4	1		5	47	200
21	21	1/4	1/4	4/4	1	1	1/8	1/8	1		1	67	195
21	21	3/8	3/8	4/4	1	1	1/8	1/8	1		1	67	196
21	21	1/2	1/2	4/4	3	1	1/4	1/4	1	1	2	50	201
21	21	1/2	1/2	4/4	1	1	3/8	1/4	3/2		1	67	197
21	21	3/4	3/4	4/4	3	1	1/4	1/4	1	-1	2	50	202
21	21	7/8	7/8	4/4	1	1	1/8	1/8	1		6	66	198
22	22	0	0	4/4	3	1	1/2	1/2	1		1	43	208
22	22	0	0	4/4	1	1	1/4	1/4	1		1	67	203
22	22	1/4	1/4	4/4	1	1	1/4	1/4	1		2	62	204
22	22	1/2	1/2	4/4	3	1	1/4	1/4	1		3	45	209
22	22	1/2	1/2	4/4	1	1	1/4	1/4	1		-1	65	205
22	22	3/4	3/4	4/4	3	1	1/4	1/4	1		0	48	210
22	22	3/4	3/4	4/4	1	1	1/8	1/8	1		4	64	206
22	22	7/8	7/8	4/4	1	1	1/8	1/8	1		4	64	207
23	23	0	0	4/4	3	1	1/4	1/4	1		1	43	214
23	23	0	0	4/4	1	1	1/2	1/2	1		2	62	211
23	23	1/4	1/4	4/4	3	1	1/4	1/4	1		1	55	215
23	23	1/2	1/2	4/4	3	1	1/4	1/4	1		-1	53	216
23	23	3/4	3/4	4/4	3	1	1/4	1/4	1		4	52	217
23	23	3/4	3/4	4/4	1	1	1/4	1/4	1		4	64	212
23	23	3/4	3/4	4/4	2	1	1/4	1/4	1		1	67	213
24	24	0	0	4/4	3	1	1/4	1/4	1		2	50	230
24	24	0	0	4/4	1	1	3/8	1/4	3/2		6	66	218
24	24	0	0	4/4	2	1	3/8	1/4	3/2		3	69	224
24	24	1/4	1/4	4/4	3	1	1/8	1/8	1		0	48	231
24	24	3/8	3/8	4/4	3	1	1/8	1/8	1		5	47	232
24	24	3/8	3/8	4/4	1	1	1/8	1/8	1		1	67	219
24	24	3/8	3/8	4/4	2	1	1/8	1/8	1		5	71	225
24	24	1/2	1/2	4/4	3	1	1/4	1/4	1		3	45	233
24	24	1/2	1/2	4/4	1	1	1/8	1/8	1		3	69	220
24	24	1/2	1/2	4/4	2	1	1/8	1/8	1		0	72	226
24	24	5/8	5/8	4/4	1	1	1/8	1/8	1		3	69	221
24	24	5/8	5/8	4/4	2	1	1/8	1/8	1		0	72	227
24	24	3/4	3/4	4/4	3	1	1/4	1/4	1		0	48	234
24	24	3/4	3/4	4/4	1	1	1/8	1/8	1		3	69	222
24	24	3/4	3/4	4/4	2	1	1/8	1/8	1		0	72	228
24	24	7/8	7/8	4/4	1	1	1/8	1/8	1		3	69	223
24	24	7/8	7/8	4/4	2	1	1/8	1/8	1		0	72	229
25	25	0	0	4/4	3	1	1/4	1/4	1	1	4	52	241
25	25	0	0	4/4	1	1	3/8	1/4	3/2		3	69	235
25	25	0	0	4/4	2	1	1/2	1/2	1		5	71	238
25	25	1/4	1/4	4/4	3	1	1/4	1/4	1	-1	4	52	242
25	25	3/8	3/8	4/4	1	1	1/8	1/8	1		8	68	236
25	25	1/2	1/2	4/4	3	1	1/2	1/2	1		3	45	243
25	25	1/2	1/2	4/4	2	1	1/4	1/4	1		3	69	239
25	25	1/2	1/2	4/4	1	1	1/2	1/2	1		3	69	237
25	25	3/4	3/4	4/4	2	1	1/4	1/4	1		4	64	240
26	26	0	0	4/4	3	1	1/4	1/4	1		5	47	251
26	26	0	0	4/4	2	1	1/4	1/4	1		1	67	247
26	26	1/4	1/4	4/4	3	1	1/4	1/4	1		2	50	252
26	26	1/4	1/4	4/4	2	1	1/8	1/8	1		-1	65	248
26	26	3/8	3/8	4/4	2	1	1/8	1/8	1		-1	65	249
26	26	1/2	1/2	4/4	3	1	1/2	1/2	1		3	45	253
26	26	1/2	1/2	4/4	2	1	1/2	1/2	1		4	64	250
26	26	5/8	5/8	4/4	1	1	1/8	1/8	1		4	76	244
26	26	3/4	3/4	4/4	1	1	1/8	1/8	1		2	74	245
26	26	7/8	7/8	4/4	1	1	1/8	1/8	1		4	76	246
27	27	0	0	4/4	3	1	1/2	1/2	1		3	57	264
27	27	0	0	4/4	1	1	1/8	1/8	1		7	73	254
27	27	1/8	1/8	4/4	2	1	1/8	1/8	1		3	69	259
27	27	1/8	1/8	4/4	1	1	1/8	1/8	1		7	73	255
27	27	1/4	1/4	4/4	2	1	1/8	1/8	1		1	67	260
27	27	3/8	3/8	4/4	2	1	1/8	1/8	1		3	69	261
27	27	1/2	1/2	4/4	3	1	1/2	1/2	1		2	50	265
27	27	1/2	1/2	4/4	2	1	1/8	1/8	1		6	66	262
27	27	5/8	5/8	4/4	2	1	1/8	1/8	1		6	66	263
27	27	5/8	5/8	4/4	1	1	1/8	1/8	1		2	74	256
27	27	3/4	3/4	4/4	1	1	1/8	1/8	1		0	72	257
27	27	7/8	7/8	4/4	1	1	1/8	1/8	1		2	74	258
28	28	0	0	4/4	3	1	1/2	1/2	1		1	55	276
28	28	0	0	4/4	1	1	1/8	1/8	1		5	71	266
28	28	1/8	1/8	4/4	2	1	1/8	1/8	1		1	67	271
28	28	1/8	1/8	4/4	1	1	1/8	1/8	1		5	71	267
28	28	1/4	1/4	4/4	2	1	1/8	1/8	1		-1	65	272
28	28	3/8	3/8	4/4	2	1	1/8	1/8	1		1	67	273
28	28	1/2	1/2	4/4	3	1	1/2	1/2	1		0	48	277
28	28	1/2	1/2	4/4	2	1	1/8	1/8	1		4	64	274
28	28	5/8	5/8	4/4	2	1	1/8	1/8	1		4	64	275
28	28	5/8	5/8	4/4	1	1	1/8	1/8	1		0	72	268
28	28	3/4	3/4	4/4	1	1	1/8	1/8	1		5	71	269
28	28	7/8	7/8	4/4	1	1	1/8	1/8	1		0	72	270
29	29	0	0	4/4	3	1	1/2	1/2	1		-1	41	286
29	29	0	0	4/4	1	1	3/16	1/8	3/2		3	69	278
29	29	1/8	1/8	4/4	2	1	1/8	1/8	1		-1	65	282
29	29	3/16	3/16	4/4	1	1	1/16	1/16	1		5	71	279
29	29	1/4	1/4	4/4	2	1	1/8	1/8	1		4	64	283
29	29	1/4	1/4	4/4	1	1	1/2	1/2	1		0	72	280
29	29	3/8	3/8	4/4	2	1	1/8	1/8	1		-1	65	284
29	29	1/2	1/2	4/4	3	1	1/4	1/4	1	1	1	43	287
29	29	1/2	1/2	4/4	2	1	1/2	1/2	1		2	62	285
29	29	3/4	3/4	4/4	3	1	1/4	1/4	1	-1	1	43	288
29	29	3/4	3/4	4/4	1	1	1/4	1/4	1		5	71	281
30	30	0	0	4/4	3	1	1/2	1/2	1		0	48	299
30	30	0	0	4/4	2	1	1/2	1/2	1		0	60	295
30	30	0	0	4/4	1	1	1/8	1/8	1		0	72	289
30	30	1/8	1/8	4/4	1	1	1/8	1/8	1		1	67	290
30	30	1/4	1/4	4/4	1	1	1/8	1/8	1		-1	65	291
30	30	3/8	3/8	4/4	1	1	1/8	1/8	1		1	67	292
30	30	1/2	1/2	4/4	3	1	1/4	1/4	1		0	60	300
30	30	1/2	1/2	4/4	1	1	1/8	1/8	1		4	64	293
30	30	5/8	5/8	4/4	1	1	1/8	1/8	1		4	64	294
30	30	5/8	5/8	4/4	2	1	1/8	1/8	1		4	76	296
30	30	3/4	3/4	4/4	3	1	1/4	1/4	1		5	59	301
30	30	3/4	3/4	4/4	2	1	1/8	1/8	1		2	74	297
30	30	7/8	7/8	4/4	2	1	1/8	1/8	1		4	76	298
31	31	0	0	4/4	3	1	1/4	1/4	1		3	57	312
31	31	0	0	4/4	2	1	1/8	1/8	1		0	72	307
31	31	1/8	1/8	4/4	1	1	1/8	1/8	1		0	72	302
31	31	1/8	1/8	4/4	2	1	1/8	1/8	1		0	72	308
31	31	1/4	1/4	4/4	3	1	1/4	1/4	1		1	55	313
31	31	1/4	1/4	4/4	1	1	1/8	1/8	1		5	71	303
31	31	3/8	3/8	4/4	1	1	1/8	1/8	1		0	72	304
31	31	1/2	1/2	4/4	3	1	1/4	1/4	1		-1	53	314
31	31	1/2	1/2	4/4	1	1	1/8	1/8	1		3	69	305
31	31	5/8	5/8	4/4	1	1	1/8	1/8	1		3	69	306
31	31	5/8	5/8	4/4	2	1	1/8	1/8	1		3	69	309
31	31	3/4	3/4	4/4	3	1	1/4	1/4	1		4	52	315
31	31	3/4	3/4	4/4	2	1	1/8	1/8	1		1	67	310
31	31	7/8	7/8	4/4	2	1	1/8	1/8	1		3	69	311
32	32	0	0	4/4	3	1	1/4	1/4	1		2	50	326
32	32	0	0	4/4	2	1	1/8	1/8	1		-1	65	321
32	32	1/8	1/8	4/4	2	1	1/8	1/8	1		-1	65	322
32	32	1/8	1/8	4/4	1	1	1/8	1/8	1		3	69	316
32	32	1/4	1/4	4/4	3	1	1/4	1/4	1		4	52	327
32	32	1/4	1/4	4/4	1	1	1/8	1/8	1		1	67	317
32	32	3/8	3/8	4/4	1	1	1/8	1/8	1		3	69	318
32	32	1/2	1/2	4/4	3	1	1/4	1/4	1		-1	53	328
32	32	1/2	1/2	4/4	1	1	1/8	1/8	1		-1	65	319
32	32	5/8	5/8	4/4	1	1	1/8	1/8	1		-1	65	320
32	32	5/8	5/8	4/4	2	1	1/8	1/8	1		2	74	323
32	32	3/4	3/4	4/4	3	1	1/4	1/4	1		2	50	329
32	32	3/4	3/4	4/4	2	1	1/8	1/8	1		0	72	324
32	32	7/8	7/8	4/4	2	1	1/8	1/8	1		2	74	325
33	33	0	0	4/4	3	1	1/4	1/4	1	1	4	52	337
33	33	0	0	4/4	2	1	1/4	1/4	1		5	71	334
33	33	1/8	1/8	4/4	1	1	1/8	1/8	1		2	74	330
33	33	1/4	1/4	4/4	3	1	1/2	1/2	1	0	4	52	338
33	33	1/4	1/4	4/4	2	1	1/2	1/2	1		3	69	335
33	33	1/4	1/4	4/4	1	1	1/8	1/8	1		0	72	331
33	33	3/8	3/8	4/4	1	1	1/8	1/8	1		2	74	332
33	33	1/2	1/2	4/4	1	1	1/2	1/2	1		5	71	333
33	33	3/4	3/4	4/4	3	1	1/4	1/4	1	-1	4	52	339
33	33	3/4	3/4	4/4	2	1	1/4	1/4	1		8	68	336
34	34	0	0	4/4	3	1	1	1	1		3	45	342
34	34	0	0	4/4	1	1	1	1	1		3	69	340
34	34	0	0	4/4	2	1	1	1	1		3	69	341
35	35	0	0	4/4	3	1	3/4	1/2	3/2		2	50	351
35	35	1/8	1/8	4/4	1	1	1/8	1/8	1		6	66	343
35	35	1/4	1/4	4/4	1	1	1/8	1/8	1		3	69	344
35	35	3/8	3/8	4/4	1	1	1/16	1/16	1		3	69	345
35	35	7/16	7/16	4/4	1	1	1/16	1/16	1		1	67	346
35	35	1/2	1/2	4/4	1	1	1/8	1/8	1		6	66	347
35	35	5/8	5/8	4/4	1	1	1/8	1/8	1		3	69	348
35	35	3/4	3/4	4/4	3	1	1/4	1/4	1		2	50	352
35	35	3/4	3/4	4/4	1	1	1/8	1/8	1		1	67	349
35	35	7/8	7/8	4/4	1	1	1/8	1/8	1		6	66	350
36	36	0	0	4/4	3	1	1/4	1/4	1		7	49	362
36	36	0	0	4/4	1	1	1/4	1/4	1		1	67	353
36	36	1/4	1/4	4/4	3	1	1/4	1/4	1		2	50	363
36	36	1/4	1/4	4/4	1	1	1/4	1/4	1		6	66	354
36	36	1/4	1/4	4/4	2	1	3/16	1/8	3/2		3	69	355
36	36	7/16	7/16	4/4	2	1	1/16	1/16	1		5	71	356
36	36	1/2	1/2	4/4	3	1	1/2	1/2	1		5	47	364
36	36	1/2	1/2	4/4	2	1	1/8	1/8	1		1	67	357
36	36	5/8	5/8	4/4	2	1	1/8	1/8	1		1	67	358
36	36	3/4	3/4	4/4	2	1	1/8	1/8	1		1	67	359
36	36	7/8	7/8	4/4	2	1	1/16	1/16	1		1	67	360
36	36	15/16	15/16	4/4	2	1	1/16	1/16	1		3	69	361
37	37	0	0	4/4	3	1	1/4	1/4	1		7	49	369
37	37	0	0	4/4	2	1	1/8	1/8	1		-1	65	365
37	37	1/8	1/8	4/4	2	1	1/8	1/8	1		4	64	366
37	37	1/4	1/4	4/4	3	1	1/4	1/4	1		2	50	370
37	37	1/4	1/4	4/4	2	1	1/4	1/4	1		-1	65	367
37	37	1/2	1/2	4/4	3	1	1/2	1/2	1		3	45	371
37	37	1/2	1/2	4/4	2	1	1/2	1/2	1		4	64	368
38	38	0	0	4/4	3	1	3/4	1/2	3/2		3	45	388
38	38	1/8	1/8	4/4	2	1	1/8	1/8	1		3	69	380
38	38	1/8	1/8	4/4	1	1	1/8	1/8	1		0	72	372
38	38	1/4	1/4	4/4	2	1	1/8	1/8	1		0	72	381
38	38	1/4	1/4	4/4	1	1	1/8	1/8	1		4	76	373
38	38	3/8	3/8	4/4	2	1	1/16	1/16	1		0	72	382
38	38	3/8	3/8	4/4	1	1	1/16	1/16	1		4	76	374
38	38	7/16	7/16	4/4	2	1	1/16	1/16	1		5	71	383
38	38	7/16	7/16	4/4	1	1	1/16	1/16	1		2	74	375
38	38	1/2	1/2	4/4	2	1	1/8	1/8	1		3	69	384
38	38	1/2	1/2	4/4	1	1	1/8	1/8	1		0	72	376
38	38	5/8	5/8	4/4	2	1	1/8	1/8	1		0	72	385
38	38	5/8	5/8	4/4	1	1	1/8	1/8	1		4	76	377
38	38	3/4	3/4	4/4	3	1	1/4	1/4	1		3	57	389
38	38	3/4	3/4	4/4	2	1	1/8	1/8	1		5	71	386
38	38	3/4	3/4	4/4	1	1	1/8	1/8	1		2	74	378
38	38	7/8	7/8	4/4	2	1	1/8	1/8	1		3	69	387
38	38	7/8	7/8	4/4	1	1	1/8	1/8	1		0	72	379
39	39	0	0	4/4	3	1	1/4	1/4	1		8	56	396
39	39	0	0	4/4	2	1	1/4	1/4	1		5	71	394
39	39	0	0	4/4	1	1	1/4	1/4	1		2	74	390
39	39	1/4	1/4	4/4	3	1	1/4	1/4	1		3	57	397
39	39	1/4	1/4	4/4	2	1	1/4	1/4	1		3	69	395
39	39	1/4	1/4	4/4	1	1	1/4	1/4	1		7	73	391
39	39	3/4	3/4	4/4	3	1	1/4	1/4	1		3	57	398
39	39	3/4	3/4	4/4	1	1	1/8	1/8	1		4	76	392
39	39	7/8	7/8	4/4	1	1	1/8	1/8	1		-1	77	393
40	40	0	0	4/4	3	1	1/2	1/2	1		6	54	409
40	40	0	0	4/4	1	1	1/8	1/8	1		2	74	399
40	40	1/8	1/8	4/4	1	1	1/8	1/8	1		2	74	400
40	40	1/4	1/4	4/4	1	1	1/8	1/8	1		2	74	401
40	40	3/8	3/8	4/4	1	1	1/16	1/16	1		2	74	402
40	40	7/16	7/16	4/4	1	1	1/16	1/16	1		4	76	403
40	40	1/2	1/2	4/4	3	1	1/4	1/4	1		8	56	410
40	40	1/2	1/2	4/4	1	1	1/8	1/8	1		0	72	404
40	40	5/8	5/8	4/4	1	1	1/8	1/8	1		5	71	405
40	40	3/4	3/4	4/4	3	1	1/4	1/4	1	1	3	57	411
40	40	3/4	3/4	4/4	1	1	1/4	1/4	1		0	72	406
40	40	3/4	3/4	4/4	2	1	1/8	1/8	1		4	76	407
40	40	7/8	7/8	4/4	2	1	1/8	1/8	1		-1	77	408
41	41	0	0	4/4	3	1	1/4	1/4	1	-1	3	57	425
41	41	0	0	4/4	1	1	1/4	1/4	1		5	71	412
41	41	0	0	4/4	2	1	1/8	1/8	1		2	74	417
41	41	1/8	1/8	4/4	2	1	1/8	1/8	1		2	74	418
41	41	1/4	1/4	4/4	3	1	1/4	1/4	1		8	56	426
41	41	1/4	1/4	4/4	2	1	1/8	1/8	1		2	74	419
41	41	3/8	3/8	4/4	1	1	1/8	1/8	1		5	71	413
41	41	3/8	3/8	4/4	2	1	1/16	1/16	1		2	74	420
41	41	7/16	7/16	4/4	2	1	1/16	1/16	1		4	76	421
41	41	1/2	1/2	4/4	3	1	1/4	1/4	1		3	57	427
41	41	1/2	1/2	4/4	1	1	1/8	1/8	1		3	69	414
41	41	1/2	1/2	4/4	2	1	1/8	1/8	1		0	72	422
41	41	5/8	5/8	4/4	1	1	1/8	1/8	1		8	68	415
41	41	5/8	5/8	4/4	2	1	1/8	1/8	1		5	71	423
41	41	3/4	3/4	4/4	3	1	1/4	1/4	1		3	45	428
41	41	3/4	3/4	4/4	1	1	1/4	1/4	1		3	69	416
41	41	3/4	3/4	4/4	2	1	1/4	1/4	1		0	72	424
42	42	0	0	4/4	3	1	1	1	1		4	52	431
42	42	0	0	4/4	1	1	1	1	1		8	68	429
42	42	0	0	4/4	2	1	1	1	1		5	71	430
43	43	0	0	4/4	3	1	1	1	1		0	48	435
43	43	1/4	1/4	4/4	2	1	1/2	1/2	1		1	67	432
43	43	3/4	3/4	4/4	2	1	1/8	1/8	1		3	69	433
43	43	7/8	7/8	4/4	2	1	1/8	1/8	1		5	71	434
44	44	0	0	4/4	3	1	1	1	1		0	48	441
44	44	0	0	4/4	2	1	1/2	1/2	1		0	72	436
44	44	1/2	1/2	4/4	2	1	1/8	1/8	1		1	67	437
44	44	5/8	5/8	4/4	2	1	1/8	1/8	1		1	67	438
44	44	3/4	3/4	4/4	2	1	1/8	1/8	1		1	67	439
44	44	7/8	7/8	4/4	2	1	1/8	1/8	1		3	69	440
45	45	0	0	4/4	3	1	1/4	1/4	1		2	50	446
45	45	0	0	4/4	2	1	3/8	1/4	3/2		-1	65	442
45	45	1/4	1/4	4/4	3	1	1/4	1/4	1		1	43	447
45	45	3/8	3/8	4/4	2	1	1/8	1/8	1		2	62	443
45	45	1/2	1/2	4/4	3	1	1/4	1/4	1	1	3	45	448
45	45	1/2	1/2	4/4	2	1	1/4	1/4	1		2	62	444
45	45	3/4	3/4	4/4	3	1	1/4	1/4	1	-1	3	45	449
45	45	3/4	3/4	4/4	2	1	1/4	1/4	1		7	61	445
46	46	0	0	4/4	3	1	1/2	1/2	1		2	50	452
46	46	0	0	4/4	2	1	1/2	1/2	1		2	62	450
46	46	1/2	1/2	4/4	3	1	1/2	1/2	1		0	48	453
46	46	3/4	3/4	4/4	2	1	1/4	1/4	1	1	1	67	451
47	47	0	0	4/4	3	1	1/2	1/2	1		5	47	459
47	47	0	0	4/4	2	1	1/4	1/4	1	-1	1	67	454
47	47	1/4	1/4	4/4	2	1	1/8	1/8	1		1	67	455
47	47	3/8	3/8	4/4	2	1	1/8	1/8	1		1	67	456
47	47	1/2	1/2	4/4	3	1	1/4	1/4	1	1	3	45	460
47	47	1/2	1/2	4/4	2	1	3/8	1/4	3/2		1	67	457
47	47	3/4	3/4	4/4	3	1	1/4	1/4	1	-1	3	45	461
47	47	7/8	7/8	4/4	2	1	1/8	1/8	1		6	66	458
48	48	0	0	4/4	3	1	1/2	1/2	1		1	43	468
48	48	0	0	4/4	2	1	1/4	1/4	1		1	67	463
48	48	1/4	1/4	4/4	2	1	1/8	1/8	1		1	67	464
48	48	3/8	3/8	4/4	2	1	1/8	1/8	1		3	69	465
48	48	1/2	1/2	4/4	3	1	1/4	1/4	1		1	55	469
48	48	1/2	1/2	4/4	2	1	1/4	1/4	1		5	71	466
48	48	3/4	3/4	4/4	3	1	1/4	1/4	1		6	54	470
48	48	3/4	3/4	4/4	2	1	1/4	1/4	1		3	69	467
48	48	3/4	3/4	4/4	1	1	1/4	1/4	1	1	2	74	462
49	49	0	0	4/4	3	1	3/4	1/2	3/2	1	4	52	482
49	49	0	0	4/4	2	1	3/8	1/4	3/2		1	67	476
49	49	0	0	4/4	1	1	1/4	1/4	1	-1	2	74	471
49	49	1/4	1/4	4/4	1	1	1/8	1/8	1		2	74	472
49	49	3/8	3/8	4/4	2	1	1/8	1/8	1		6	66	477
49	49	3/8	3/8	4/4	1	1	1/8	1/8	1		2	74	473
49	49	1/2	1/2	4/4	2	1	1/8	1/8	1		1	67	478
49	49	1/2	1/2	4/4	1	1	3/8	1/4	3/2		2	74	474
49	49	5/8	5/8	4/4	2	1	1/8	1/8	1		6	66	479
49	49	3/4	3/4	4/4	3	1	1/4	1/4	1	-1	4	52	483
49	49	3/4	3/4	4/4	2	1	1/8	1/8	1		6	66	480
49	49	7/8	7/8	4/4	2	1	1/8	1/8	1		4	64	481
49	49	7/8	7/8	4/4	1	1	1/8	1/8	1		7	73	475
50	50	0	0	4/4	3	1	1/2	1/2	1		2	50	490
50	50	0	0	4/4	2	1	1/2	1/2	1		6	66	489
50	50	0	0	4/4	1	1	1/4	1/4	1		2	74	484
50	50	1/4	1/4	4/4	1	1	1/8	1/8	1		3	69	485
50	50	3/8	3/8	4/4	1	1	1/8	1/8	1		5	71	486
50	50	1/2	1/2	4/4	3	1	1/4	1/4	1		3	57	491
50	50	1/2	1/2	4/4	1	1	1/4	1/4	1		0	72	487
50	50	3/4	3/4	4/4	3	1	1/4	1/4	1		1	55	492
50	50	3/4	3/4	4/4	1	1	1/4	1/4	1		5	71	488
51	51	0	0	4/4	3	1	1/4	1/4	1		-1	53	499
51	51	0	0	4/4	1	1	3/8	1/4	3/2		3	69	493
51	51	1/4	1/4	4/4	3	1	1/4	1/4	1		4	52	500
51	51	3/8	3/8	4/4	1	1	1/8	1/8	1		1	67	494
51	51	1/2	1/2	4/4	3	1	1/2	1/2	1		2	50	501
51	51	1/2	1/2	4/4	1	1	1/8	1/8	1		3	69	495
51	51	5/8	5/8	4/4	1	1	1/8	1/8	1		1	67	496
51	51	3/4	3/4	4/4	1	1	1/8	1/8	1		1	67	497
51	51	7/8	7/8	4/4	1	1	1/8	1/8	1		-1	65	498
52	52	0	0	4/4	3	1	1	1	1		0	48	504
52	52	0	0	4/4	1	1	1	1	1		1	67	502
52	52	3/4	3/4	4/4	2	1	1/4	1/4	1	1	1	67	503
53	53	0	0	4/4	3	1	3/4	1/2	3/2		0	48	512
53	53	0	0	4/4	1	1	3/4	1/2	3/2		4	64	505
53	53	0	0	4/4	2	1	1/4	1/4	1	-1	1	67	508
53	53	1/4	1/4	4/4	2	1	1/8	1/8	1		3	69	509
53	53	3/8	3/8	4/4	2	1	1/8	1/8	1		5	71	510
53	53	1/2	1/2	4/4	2	1	1/2	1/2	1	1	0	72	511
53	53	3/4	3/4	4/4	3	1	1/8	1/8	1		2	50	513
53	53	3/4	3/4	4/4	1	1	1/8	1/8	1		-1	65	506
53	53	7/8	7/8	4/4	3	1	1/8	1/8	1		4	52	514
53	53	7/8	7/8	4/4	1	1	1/8	1/8	1		1	67	507
54	54	0	0	4/4	3	1	3/4	1/2	3/2		-1	53	521
54	54	0	0	4/4	1	1	3/4	1/2	3/2		3	69	515
54	54	0	0	4/4	2	1	1/4	1/4	1	-1	0	72	517
54	54	1/4	1/4	4/4	2	1	1/8	1/8	1		2	74	518
54	54	3/8	3/8	4/4	2	1	1/8	1/8	1		4	76	519
54	54	1/2	1/2	4/4	2	1	1/2	1/2	1	1	-1	77	520
54	54	3/4	3/4	4/4	3	1	1/4	1/4	1		1	55	522
54	54	3/4	3/4	4/4	1	1	1/4	1/4	1		5	71	516
55	55	0	0	4/4	3	1	1/2	1/2	1		3	57	531
55	55	0	0	4/4	1	1	3/8	1/4	3/2		0	72	523
55	55	0	0	4/4	2	1	3/8	1/4	3/2	-1	-1	77	527
55	55	3/8	3/8	4/4	1	1	1/8	1/8	1		0	72	524
55	55	3/8	3/8	4/4	2	1	1/8	1/8	1		-1	77	528
55	55	1/2	1/2	4/4	3	1	3/8	1/4	3/2		3	57	532
55	55	1/2	1/2	4/4	1	1	1/4	1/4	1		0	72	525
55	55	1/2	1/2	4/4	2	1	1/4	1/4	1		4	76	529
55	55	3/4	3/4	4/4	1	1	1/4	1/4	1		3	69	526
55	55	3/4	3/4	4/4	2	1	1/4	1/4	1		0	72	530
55	55	7/8	7/8	4/4	3	1	1/8	1/8	1		3	57	533
56	56	0	0	4/4	3	1	1/4	1/4	1		1	55	538
56	56	0	0	4/4	1	1	1/4	1/4	1		5	71	534
56	56	0	0	4/4	2	1	1	1	1		2	74	537
56	56	1/4	1/4	4/4	3	1	1/4	1/4	1		-1	53	539
56	56	1/4	1/4	4/4	1	1	1/2	1/2	1		0	72	535
56	56	1/2	1/2	4/4	3	1	1/4	1/4	1	1	1	55	540
56	56	3/4	3/4	4/4	3	1	1/4	1/4	1	-1	1	55	541
56	56	3/4	3/4	4/4	1	1	1/4	1/4	1		5	71	536
57	57	0	0	4/4	3	1	1	1	1		0	48	545
57	57	0	0	4/4	1	1	1/2	1/2	1		0	72	542
57	57	0	0	4/4	2	1	1	1	1		0	72	544
57	57	1/2	1/2	4/4	1	1	1/2	1/2	1	1	1	67	543
58	58	0	0	4/4	3	1	3/4	1/2	3/2		0	48	553
58	58	0	0	4/4	1	1	1/4	1/4	1	-1	1	67	546
58	58	1/4	1/4	4/4	2	1	1/2	1/2	1		4	64	550
58	58	1/4	1/4	4/4	1	1	1/8	1/8	1		3	69	547
58	58	3/8	3/8	4/4	1	1	1/8	1/8	1		5	71	548
58	58	1/2	1/2	4/4	1	1	1/2	1/2	1	1	0	72	549
58	58	3/4	3/4	4/4	3	1	1/8	1/8	1		2	50	554
58	58	3/4	3/4	4/4	2	1	1/8	1/8	1		-1	65	551
58	58	7/8	7/8	4/4	3	1	1/8	1/8	1		4	52	555
58	58	7/8	7/8	4/4	2	1	1/8	1/8	1		1	67	552
59	59	0	0	4/4	3	1	3/4	1/2	3/2		-1	53	562
59	59	0	0	4/4	2	1	3/4	1/2	3/2		3	69	560
59	59	0	0	4/4	1	1	1/4	1/4	1	-1	0	72	556
59	59	1/4	1/4	4/4	1	1	1/8	1/8	1		2	74	557
59	59	3/8	3/8	4/4	1	1	1/8	1/8	1		4	76	558
59	59	1/2	1/2	4/4	1	1	1/2	1/2	1	1	-1	77	559
59	59	3/4	3/4	4/4	3	1	1/4	1/4	1		1	55	563
59	59	3/4	3/4	4/4	2	1	1/4	1/4	1		5	71	561
60	60	0	0	4/4	3	1	1/2	1/2	1	1	3	57	572
60	60	0	0	4/4	2	1	3/8	1/4	3/2		0	72	568
60	60	0	0	4/4	1	1	3/8	1/4	3/2	-1	-1	77	564
60	60	3/8	3/8	4/4	2	1	1/8	1/8	1		0	72	569
60	60	3/8	3/8	4/4	1	1	1/8	1/8	1		-1	77	565
60	60	1/2	1/2	4/4	3	1	3/8	1/4	3/2	-1	3	57	573
60	60	1/2	1/2	4/4	2	1	1/4	1/4	1		0	72	570
60	60	1/2	1/2	4/4	1	1	1/4	1/4	1		4	76	566
60	60	3/4	3/4	4/4	2	1	1/4	1/4	1		3	69	571
60	60	3/4	3/4	4/4	1	1	1/4	1/4	1		0	72	567
60	60	7/8	7/8	4/4	3	1	1/8	1/8	1		3	57	574
61	61	0	0	4/4	3	1	1/4	1/4	1		1	55	579
61	61	0	0	4/4	2	1	1/4	1/4	1		5	71	576
61	61	0	0	4/4	1	1	1	1	1		2	74	575
61	61	1/4	1/4	4/4	3	1	1/4	1/4	1		-1	53	580
61	61	1/4	1/4	4/4	2	1	1/2	1/2	1		0	72	577
61	61	1/2	1/2	4/4	3	1	1/4	1/4	1	1	1	55	581
61	61	3/4	3/4	4/4	3	1	1/4	1/4	1	-1	1	55	582
61	61	3/4	3/4	4/4	2	1	1/4	1/4	1		5	71	578
62	62	0	0	4/4	3	1	1/2	1/2	1		0	48	588
62	62	0	0	4/4	1	1	1/2	1/2	1		0	72	583
62	62	0	0	4/4	2	1	1/2	1/2	1		0	72	586
62	62	1/2	1/2	4/4	3	1	1/2	1/2	1		3	45	589
62	62	1/2	1/2	4/4	1	1	1/4	1/4	1		0	72	584
62	62	1/2	1/2	4/4	2	1	1/2	1/2	1		0	72	587
62	62	3/4	3/4	4/4	1	1	1/4	1/4	1	1	0	72	585
63	63	0	0	4/4	3	1	1/2	1/2	1		-1	41	596
63	63	0	0	4/4	1	1	1/4	1/4	1	-1	0	72	590
63	63	0	0	4/4	2	1	3/4	1/2	3/2		2	74	594
63	63	1/4	1/4	4/4	1	1	1/8	1/8	1		5	71	591
63	63	3/8	3/8	4/4	1	1	1/8	1/8	1		3	69	592
63	63	1/2	1/2	4/4	3	1	1/2	1/2	1		1	43	597
63	63	1/2	1/2	4/4	1	1	1/2	1/2	1		5	71	593
63	63	3/4	3/4	4/4	2	1	1/4	1/4	1		2	74	595
64	64	0	0	4/4	3	1	1	1	1		0	48	600
64	64	0	0	4/4	1	1	1	1	1		0	72	598
64	64	0	0	4/4	2	1	1	1	1		4	76	599
65	65	0	0	4/4	3	1	1	1	1		3	45	605
65	65	0	0	4/4	1	1	1/4	1/4	1		4	76	601
65	65	1/4	1/4	4/4	1	1	1/4	1/4	1		0	72	602
65	65	1/2	1/2	4/4	1	1	1/4	1/4	1		3	69	603
65	65	3/4	3/4	4/4	1	1	1/4	1/4	1		3	69	604
66	66	0	0	4/4	3	1	1	1	1		1	43	611
66	66	0	0	4/4	2	1	1/4	1/4	1		2	74	607
66	66	1/4	1/4	4/4	2	1	1/4	1/4	1		5	71	608
66	66	1/2	1/2	4/4	2	1	1/4	1/4	1		1	67	609
66	66	3/4	3/4	4/4	2	1	1/4	1/4	1		1	67	610
66	66	7/8	7/8	4/4	1	1	1/8	1/8	1		5	71	606
67	67	0	0	4/4	3	1	1/2	1/2	1		3	45	620
67	67	0	0	4/4	1	1	1/8	1/8	1		0	72	612
67	67	1/8	1/8	4/4	1	1	1/8	1/8	1		5	71	613
67	67	1/4	1/4	4/4	1	1	1/4	1/4	1		3	69	614
67	67	3/8	3/8	4/4	2	1	1/8	1/8	1		0	72	616
67	67	1/2	1/2	4/4	3	1	1/2	1/2	1		5	47	621
67	67	1/2	1/2	4/4	2	1	1/8	1/8	1		2	74	617
67	67	5/8	5/8	4/4	2	1	1/8	1/8	1		0	72	618
67	67	3/4	3/4	4/4	2	1	1/4	1/4	1		5	71	619
67	67	7/8	7/8	4/4	1	1	1/8	1/8	1		2	74	615
68	68	0	0	4/4	3	1	1/4	1/4	1	1	0	48	629
68	68	0	0	4/4	2	1	1/4	1/4	1		1	67	626
68	68	0	0	4/4	1	1	1/8	1/8	1		4	76	622
68	68	1/8	1/8	4/4	1	1	1/8	1/8	1		2	74	623
68	68	1/4	1/4	4/4	3	1	1/8	1/8	1	-1	0	48	630
68	68	1/4	1/4	4/4	2	1	1/2	1/2	1		3	69	627
68	68	1/4	1/4	4/4	1	1	1/4	1/4	1		0	72	624
68	68	3/8	3/8	4/4	3	1	1/8	1/8	1		2	50	631
68	68	1/2	1/2	4/4	3	1	1/4	1/4	1	1	4	52	632
68	68	1/2	1/2	4/4	1	1	1/2	1/2	1		5	71	625
68	68	3/4	3/4	4/4	3	1	1/4	1/4	1	-1	4	52	633
68	68	3/4	3/4	4/4	2	1	1/4	1/4	1		8	68	628
69	69	0	0	4/4	3	1	1	1	1		3	45	636
69	69	0	0	4/4	1	1	1	1	1		3	69	634
69	69	0	0	4/4	2	1	1	1	1		3	69	635
70	70	0	0	4/4	3	1	1/2	1/2	1		3	57	644
70	70	0	0	4/4	1	1	1/8	1/8	1		7	73	637
70	70	1/8	1/8	4/4	1	1	1/8	1/8	1		7	73	638
70	70	1/4	1/4	4/4	1	1	1/8	1/8	1		7	73	639
70	70	3/8	3/8	4/4	1	1	1/8	1/8	1		7	73	640
70	70	1/2	1/2	4/4	3	1	1/4	1/4	1		6	54	645
70	70	1/2	1/2	4/4	1	1	1/4	1/4	1		2	74	641
70	70	3/4	3/4	4/4	3	1	1/4	1/4	1		8	56	646
70	70	3/4	3/4	4/4	1	1	1/8	1/8	1		2	74	642
70	70	7/8	7/8	4/4	1	1	1/8	1/8	1		4	76	643
71	71	0	0	4/4	3	1	1/2	1/2	1		3	57	658
71	71	0	0	4/4	2	1	1/8	1/8	1		4	64	651
71	71	0	0	4/4	1	1	3/8	1/4	3/2		7	73	647
71	71	1/8	1/8	4/4	2	1	1/8	1/8	1		4	64	652
71	71	1/4	1/4	4/4	2	1	1/8	1/8	1		4	64	653
71	71	3/8	3/8	4/4	2	1	1/8	1/8	1		4	64	654
71	71	3/8	3/8	4/4	1	1	1/16	1/16	1		2	74	648
71	71	7/16	7/16	4/4	1	1	1/16	1/16	1		4	76	649
71	71	1/2	1/2	4/4	3	1	1/4	1/4	1		2	50	659
71	71	1/2	1/2	4/4	2	1	1/4	1/4	1		-1	65	655
71	71	1/2	1/2	4/4	1	1	1/2	1/2	1	1	2	74	650
71	71	3/4	3/4	4/4	3	1	1/4	1/4	1		1	43	660
71	71	3/4	3/4	4/4	2	1	1/8	1/8	1		-1	65	656
71	71	7/8	7/8	4/4	2	1	1/8	1/8	1		1	67	657
72	72	0	0	4/4	3	1	1/2	1/2	1	1	3	45	666
72	72	0	0	4/4	2	1	1	1	1		4	64	665
72	72	0	0	4/4	1	1	1/4	1/4	1	-1	2	74	661
72	72	1/4	1/4	4/4	1	1	1/8	1/8	1		7	73	662
72	72	3/8	3/8	4/4	1	1	1/8	1/8	1		5	71	663
72	72	1/2	1/2	4/4	3	1	1/2	1/2	1	-1	3	45	667
72	72	1/2	1/2	4/4	1	1	1/2	1/2	1		7	73	664
73	73	0	0	4/4	3	1	1/2	1/2	1	1	2	50	673
73	73	0	0	4/4	2	1	1/2	1/2	1		2	62	669
73	73	0	0	4/4	1	1	1/2	1/2	1		2	74	668
73	73	1/2	1/2	4/4	3	1	1/8	1/8	1	-1	2	50	674
73	73	5/8	5/8	4/4	3	1	1/8	1/8	1		2	50	675
73	73	5/8	5/8	4/4	2	1	1/8	1/8	1		-1	65	670
73	73	3/4	3/4	4/4	3	1	1/8	1/8	1		0	48	676
73	73	3/4	3/4	4/4	2	1	1/8	1/8	1		3	69	671
73	73	7/8	7/8	4/4	3	1	1/8	1/8	1		5	47	677
73	73	7/8	7/8	4/4	2	1	1/8	1/8	1		5	71	672
74	74	0	0	4/4	3	1	3/8	1/4	3/2		3	45	683
74	74	0	0	4/4	2	1	1/4	1/4	1		0	72	678
74	74	1/4	1/4	4/4	2	1	1/8	1/8	1		0	72	679
74	74	3/8	3/8	4/4	3	1	1/8	1/8	1		3	45	684
74	74	3/8	3/8	4/4	2	1	1/8	1/8	1		0	72	680
74	74	1/2	1/2	4/4	3	1	1/4	1/4	1		1	43	685
74	74	1/2	1/2	4/4	2	1	1/4	1/4	1		-2	70	681
74	74	3/4	3/4	4/4	3	1	1/4	1/4	1		-1	41	686
74	74	3/4	3/4	4/4	2	1	1/4	1/4	1		3	69	682
75	75	0	0	4/4	3	1	1/2	1/2	1	1	0	48	692
75	75	0	0	4/4	2	1	1/2	1/2	1		1	67	690
75	75	1/2	1/2	4/4	3	1	1/8	1/8	1	-1	0	48	693
75	75	1/2	1/2	4/4	2	1	1/2	1/2	1		1	67	691
75	75	5/8	5/8	4/4	3	1	1/8	1/8	1		0	48	694
75	75	5/8	5/8	4/4	1	1	1/8	1/8	1		1	67	687
75	75	3/4	3/4	4/4	3	1	1/8	1/8	1		5	47	695
75	75	3/4	3/4	4/4	1	1	1/8	1/8	1		5	71	688
75	75	7/8	7/8	4/4	3	1	1/8	1/8	1		3	45	696
75	75	7/8	7/8	4/4	1	1	1/8	1/8	1		0	72	689
76	76	0	0	4/4	3	1	1/2	1/2	1		1	43	702
76	76	0	0	4/4	1	1	1/4	1/4	1		2	74	697
76	76	1/4	1/4	4/4	1	1	1/8	1/8	1		2	74	698
76	76	3/8	3/8	4/4	1	1	1/8	1/8	1		2	74	699
76	76	1/2	1/2	4/4	3	1	1/4	1/4	1		3	45	703
76	76	1/2	1/2	4/4	1	1	1/4	1/4	1		0	72	700
76	76	3/4	3/4	4/4	3	1	1/4	1/4	1		5	47	704
76	76	3/4	3/4	4/4	1	1	1/4	1/4	1		5	71	701
77	77	0	0	4/4	3	1	1/2	1/2	1	1	2	50	713
77	77	0	0	4/4	1	1	1/2	1/2	1		3	69	705
77	77	1/2	1/2	4/4	3	1	1/8	1/8	1	-1	2	50	714
77	77	1/2	1/2	4/4	1	1	1/8	1/8	1		3	69	706
77	77	5/8	5/8	4/4	3	1	1/8	1/8	1		2	50	715
77	77	5/8	5/8	4/4	1	1	1/8	1/8	1		6	66	707
77	77	5/8	5/8	4/4	2	1	1/8	1/8	1		3	69	710
77	77	3/4	3/4	4/4	3	1	1/8	1/8	1		0	48	716
77	77	3/4	3/4	4/4	1	1	1/8	1/8	1		3	69	708
77	77	3/4	3/4	4/4	2	1	1/8	1/8	1		0	72	711
77	77	7/8	7/8	4/4	3	1	1/8	1/8	1		5	47	717
77	77	7/8	7/8	4/4	1	1	1/8	1/8	1		5	71	709
77	77	7/8	7/8	4/4	2	1	1/8	1/8	1		2	74	712
78	78	0	0	4/4	3	1	3/8	1/4	3/2		3	45	728
78	78	0	0	4/4	1	1	1/4	1/4	1		0	72	718
78	78	0	0	4/4	2	1	1/4	1/4	1		4	76	723
78	78	1/4	1/4	4/4	1	1	1/8	1/8	1		0	72	719
78	78	1/4	1/4	4/4	2	1	1/8	1/8	1		4	76	724
78	78	3/8	3/8	4/4	3	1	1/8	1/8	1		3	45	729
78	78	3/8	3/8	4/4	1	1	1/8	1/8	1		0	72	720
78	78	3/8	3/8	4/4	2	1	1/8	1/8	1		4	76	725
78	78	1/2	1/2	4/4	3	1	1/4	1/4	1		5	47	730
78	78	1/2	1/2	4/4	1	1	1/4	1/4	1		5	71	721
78	78	1/2	1/2	4/4	2	1	1/4	1/4	1		2	74	726
78	78	3/4	3/4	4/4	3	1	1/4	1/4	1		0	48	731
78	78	3/4	3/4	4/4	1	1	1/4	1/4	1	1	3	69	722
78	78	3/4	3/4	4/4	2	1	1/4	1/4	1		0	72	727
79	79	0	0	4/4	3	1	1/2	1/2	1	1	4	52	737
79	79	0	0	4/4	1	1	1/4	1/4	1	-1	3	69	732
79	79	0	0	4/4	2	1	1	1	1		5	71	736
79	79	1/4	1/4	4/4	1	1	1/8	1/8	1		8	68	733
79	79	3/8	3/8	4/4	1	1	1/8	1/8	1		6	66	734
79	79	1/2	1/2	4/4	3	1	1/2	1/2	1	-1	4	52	738
79	79	1/2	1/2	4/4	1	1	1/2	1/2	1		8	68	735
80	80	0	0	4/4	3	1	1/2	1/2	1		3	45	744
80	80	0	0	4/4	2	1	1/2	1/2	1		3	69	740
80	80	0	0	4/4	1	1	1	1	1		3	69	739
80	80	1/2	1/2	4/4	3	1	1/2	1/2	1		3	45	745
80	80	5/8	5/8	4/4	2	1	1/8	1/8	1		7	61	741
80	80	3/4	3/4	4/4	2	1	1/8	1/8	1		2	62	742
80	80	7/8	7/8	4/4	2	1	1/8	1/8	1		4	64	743
81	81	0	0	4/4	3	1	1/4	1/4	1		2	50	751
81	81	0	0	4/4	2	1	1/8	1/8	1		-1	65	746
81	81	1/8	1/8	4/4	2	1	1/8	1/8	1		2	62	747
81	81	1/4	1/4	4/4	3	1	1/4	1/4	1		1	43	752
81	81	1/4	1/4	4/4	2	1	1/8	1/8	1		1	67	748
81	81	3/8	3/8	4/4	2	1	1/8	1/8	1		-1	65	749
81	81	1/2	1/2	4/4	3	1	1/2	1/2	1		3	45	753
81	81	1/2	1/2	4/4	2	1	1/2	1/2	1		4	64	750
82	82	0	0	4/4	3	1	1	1	1		2	50	763
82	82	0	0	4/4	2	1	1/2	1/2	1		2	62	761
82	82	1/8	1/8	4/4	1	1	1/8	1/8	1		3	69	754
82	82	1/4	1/4	4/4	1	1	1/8	1/8	1		5	71	755
82	82	3/8	3/8	4/4	1	1	1/8	1/8	1		7	73	756
82	82	1/2	1/2	4/4	1	1	1/8	1/8	1		2	74	757
82	82	5/8	5/8	4/4	1	1	1/8	1/8	1		3	69	758
82	82	3/4	3/4	4/4	2	1	1/4	1/4	1		3	69	762
82	82	3/4	3/4	4/4	1	1	1/8	1/8	1		2	74	759
82	82	7/8	7/8	4/4	1	1	1/8	1/8	1		0	72	760
83	83	0	0	4/4	3	1	1/4	1/4	1	1	4	52	773
83	83	0	0	4/4	2	1	1/4	1/4	1		3	69	766
83	83	0	0	4/4	1	1	1/2	1/2	1		5	71	764
83	83	1/4	1/4	4/4	3	1	1/4	1/4	1	-1	4	52	774
83	83	1/4	1/4	4/4	2	1	1/8	1/8	1		3	69	767
83	83	3/8	3/8	4/4	2	1	1/8	1/8	1		8	68	768
83	83	1/2	1/2	4/4	3	1	1/2	1/2	1		3	45	775
83	83	1/2	1/2	4/4	2	1	1/8	1/8	1		3	69	769
83	83	1/2	1/2	4/4	1	1	1/2	1/2	1		3	69	765
83	83	5/8	5/8	4/4	2	1	1/8	1/8	1		5	71	770
83	83	3/4	3/4	4/4	2	1	1/8	1/8	1		0	72	771
83	83	7/8	7/8	4/4	2	1	1/8	1/8	1		2	74	772
84	84	0	0	4/4	3	1	1/4	1/4	1		3	57	785
84	84	0	0	4/4	2	1	1/8	1/8	1		4	76	780
84	84	1/8	1/8	4/4	2	1	1/8	1/8	1		0	72	781
84	84	1/4	1/4	4/4	3	1	1/4	1/4	1		-1	53	786
84	84	1/4	1/4	4/4	1	1	1/4	1/4	1		0	72	776
84	84	1/4	1/4	4/4	2	1	1/8	1/8	1		-1	77	782
84	84	3/8	3/8	4/4	2	1	1/8	1/8	1		4	76	783
84	84	1/2	1/2	4/4	3	1	1/4	1/4	1	1	1	55	787
84	84	1/2	1/2	4/4	1	1	1/4	1/4	1		0	72	777
84	84	1/2	1/2	4/4	2	1	1/2	1/2	1		2	74	784
84	84	3/4	3/4	4/4	3	1	1/4	1/4	1	-1	1	55	788
84	84	3/4	3/4	4/4	1	1	1/8	1/8	1		0	72	778
84	84	7/8	7/8	4/4	1	1	1/8	1/8	1		5	71	779
85	85	0	0	4/4	3	1	1/4	1/4	1		0	48	798
85	85	0	0	4/4	1	1	1/4	1/4	1		0	72	789
85	85	0	0	4/4	2	1	1/4	1/4	1		0	72	793
85	85	1/4	1/4	4/4	3	1	1/4	1/4	1		4	52	799
85	85	1/4	1/4	4/4	2	1	1/4	1/4	1		1	67	794
85	85	1/2	1/2	4/4	3	1	1/8	1/8	1		0	48	800
85	85	1/2	1/2	4/4	2	1	1/4	1/4	1		1	67	795
85	85	5/8	5/8	4/4	3	1	1/8	1/8	1		4	52	801
85	85	5/8	5/8	4/4	1	1	1/8	1/8	1		1	67	790
85	85	3/4	3/4	4/4	3	1	1/4	1/4	1		2	50	802
85	85	3/4	3/4	4/4	2	1	1/8	1/8	1		1	67	796
85	85	3/4	3/4	4/4	1	1	1/8	1/8	1		3	69	791
85	85	7/8	7/8	4/4	2	1	1/8	1/8	1		6	66	797
85	85	7/8	7/8	4/4	1	1	1/8	1/8	1		0	72	792
86	86	0	0	4/4	3	1	1/4	1/4	1		1	43	814
86	86	0	0	4/4	2	1	1/8	1/8	1		1	67	808
86	86	0	0	4/4	1	1	1/8	1/8	1		5	71	803
86	86	1/8	1/8	4/4	2	1	1/8	1/8	1		1	67	809
86	86	1/8	1/8	4/4	1	1	1/8	1/8	1		5	71	804
86	86	1/4	1/4	4/4	3	1	1/8	1/8	1		-1	53	815
86	86	1/4	1/4	4/4	2	1	1/8	1/8	1		3	69	810
86	86	3/8	3/8	4/4	3	1	1/8	1/8	1		3	57	816
86	86	3/8	3/8	4/4	2	1	1/8	1/8	1		0	72	811
86	86	1/2	1/2	4/4	3	1	1/4	1/4	1		1	55	817
86	86	1/2	1/2	4/4	2	1	1/8	1/8	1		5	71	812
86	86	5/8	5/8	4/4	1	1	1/8	1/8	1		1	67	805
86	86	5/8	5/8	4/4	2	1	1/8	1/8	1		5	71	813
86	86	3/4	3/4	4/4	3	1	1/4	1/4	1		-1	53	818
86	86	3/4	3/4	4/4	1	1	1/8	1/8	1		3	69	806
86	86	7/8	7/8	4/4	1	1	1/8	1/8	1		0	72	807
87	87	0	0	4/4	3	1	1/4	1/4	1		1	55	830
87	87	0	0	4/4	1	1	1/8	1/8	1		5	71	819
87	87	1/8	1/8	4/4	2	1	1/8	1/8	1		1	67	825
87	87	1/8	1/8	4/4	1	1	1/16	1/16	1		5	71	820
87	87	3/16	3/16	4/4	1	1	1/16	1/16	1		5	71	821
87	87	1/4	1/4	4/4	3	1	1/8	1/8	1		-1	53	831
87	87	1/4	1/4	4/4	2	1	1/8	1/8	1		3	69	826
87	87	1/4	1/4	4/4	1	1	1/8	1/8	1		0	72	822
87	87	3/8	3/8	4/4	3	1	1/8	1/8	1		0	48	832
87	87	3/8	3/8	4/4	2	1	1/8	1/8	1		0	72	827
87	87	3/8	3/8	4/4	1	1	1/8	1/8	1		4	76	823
87	87	1/2	1/2	4/4	3	1	1/4	1/4	1	1	1	55	833
87	87	1/2	1/2	4/4	2	1	3/8	1/4	3/2		0	72	828
87	87	1/2	1/2	4/4	1	1	1/2	1/2	1		2	74	824
87	87	3/4	3/4	4/4	3	1	1/4	1/4	1	-1	1	55	834
87	87	7/8	7/8	4/4	2	1	1/8	1/8	1		5	71	829
88	88	0	0	4/4	3	1	1/4	1/4	1		0	48	845
88	88	0	0	4/4	2	1	1/8	1/8	1		0	72	839
88	88	0	0	4/4	1	1	1/4	1/4	1		0	72	835
88	88	1/8	1/8	4/4	2	1	1/8	1/8	1		4	64	840
88	88	1/4	1/4	4/4	3	1	1/8	1/8	1		2	50	846
88	88	1/4	1/4	4/4	2	1	1/8	1/8	1		6	66	841
88	88	3/8	3/8	4/4	3	1	1/8	1/8	1		-1	53	847
88	88	3/8	3/8	4/4	2	1	1/8	1/8	1		3	69	842
88	88	1/2	1/2	4/4	3	1	1/4	1/4	1		4	52	848
88	88	1/2	1/2	4/4	2	1	1/8	1/8	1		8	68	843
88	88	5/8	5/8	4/4	1	1	1/8	1/8	1		4	64	836
88	88	5/8	5/8	4/4	2	1	1/8	1/8	1		8	68	844
88	88	3/4	3/4	4/4	3	1	1/4	1/4	1		2	50	849
88	88	3/4	3/4	4/4	1	1	1/8	1/8	1		6	66	837
88	88	7/8	7/8	4/4	1	1	1/8	1/8	1		3	69	838
89	89	0	0	4/4	3	1	1/4	1/4	1		4	52	863
89	89	0	0	4/4	1	1	1/8	1/8	1		8	68	850
89	89	1/8	1/8	4/4	2	1	1/8	1/8	1		4	64	855
89	89	1/8	1/8	4/4	1	1	1/8	1/8	1		8	68	851
89	89	1/4	1/4	4/4	3	1	1/8	1/8	1		2	50	864
89	89	1/4	1/4	4/4	2	1	1/8	1/8	1		6	66	856
89	89	3/8	3/8	4/4	3	1	1/8	1/8	1		-1	53	865
89	89	3/8	3/8	4/4	2	1	1/8	1/8	1		3	69	857
89	89	1/2	1/2	4/4	3	1	1/4	1/4	1		4	52	866
89	89	1/2	1/2	4/4	2	1	1/8	1/8	1		8	68	858
89	89	5/8	5/8	4/4	1	1	1/8	1/8	1		4	64	852
89	89	5/8	5/8	4/4	2	1	1/16	1/16	1		8	68	859
89	89	11/16	11/16	4/4	2	1	1/16	1/16	1		8	68	860
89	89	3/4	3/4	4/4	3	1	1/8	1/8	1		2	50	867
89	89	3/4	3/4	4/4	1	1	1/8	1/8	1		6	66	853
89	89	3/4	3/4	4/4	2	1	1/8	1/8	1		3	69	861
89	89	7/8	7/8	4/4	3	1	1/8	1/8	1		3	45	868
89	89	7/8	7/8	4/4	1	1	1/8	1/8	1		3	69	854
89	89	7/8	7/8	4/4	2	1	1/8	1/8	1		0	72	862
90	90	0	0	4/4	3	1	1/4	1/4	1	1	4	52	874
90	90	0	0	4/4	1	1	3/8	1/4	3/2		3	69	869
90	90	0	0	4/4	2	1	1/2	1/2	1		5	71	872
90	90	1/4	1/4	4/4	3	1	1/4	1/4	1	-1	4	52	875
90	90	3/8	3/8	4/4	1	1	1/8	1/8	1		8	68	870
90	90	1/2	1/2	4/4	3	1	1/2	1/2	1		3	45	876
90	90	1/2	1/2	4/4	1	1	1/2	1/2	1		3	69	871
90	90	1/2	1/2	4/4	2	1	1/2	1/2	1		3	69	873
91	91	0	0	4/4	3	1	1	1	1		3	45	883
91	91	0	0	4/4	2	1	1/8	1/8	1		4	76	877
91	91	1/8	1/8	4/4	2	1	1/8	1/8	1		2	74	878
91	91	1/4	1/4	4/4	2	1	1/8	1/8	1		0	72	879
91	91	3/8	3/8	4/4	2	1	1/8	1/8	1		5	71	880
91	91	1/2	1/2	4/4	2	1	1/4	1/4	1		3	69	881
91	91	3/4	3/4	4/4	2	1	1/4	1/4	1		3	69	882
92	92	0	0	4/4	3	1	1	1	1		1	43	891
92	92	0	0	4/4	1	1	1/8	1/8	1		2	74	884
92	92	1/8	1/8	4/4	1	1	1/8	1/8	1		0	72	885
92	92	1/4	1/4	4/4	1	1	1/8	1/8	1		5	71	886
92	92	3/8	3/8	4/4	1	1	1/8	1/8	1		3	69	887
92	92	1/2	1/2	4/4	1	1	1/4	1/4	1		1	67	888
92	92	3/4	3/4	4/4	1	1	1/4	1/4	1		1	67	889
92	92	7/8	7/8	4/4	2	1	1/8	1/8	1		5	71	890
93	93	0	0	4/4	3	1	1/2	1/2	1		3	45	900
93	93	0	0	4/4	2	1	1/8	1/8	1		0	72	896
93	93	1/8	1/8	4/4	2	1	1/8	1/8	1		5	71	897
93	93	1/4	1/4	4/4	2	1	1/4	1/4	1		3	69	898
93	93	3/8	3/8	4/4	1	1	1/8	1/8	1		0	72	892
93	93	1/2	1/2	4/4	3	1	1/2	1/2	1		5	47	901
93	93	1/2	1/2	4/4	1	1	1/8	1/8	1		2	74	893
93	93	5/8	5/8	4/4	1	1	1/8	1/8	1		0	72	894
93	93	3/4	3/4	4/4	1	1	1/4	1/4	1		5	71	895
93	93	7/8	7/8	4/4	2	1	1/8	1/8	1		2	74	899
94	94	0	0	4/4	3	1	1/4	1/4	1	1	0	48	911
94	94	0	0	4/4	1	1	1/4	1/4	1		1	67	902
94	94	0	0	4/4	2	1	1/8	1/8	1		4	76	905
94	94	1/8	1/8	4/4	2	1	1/8	1/8	1		2	74	906
94	94	1/4	1/4	4/4	3	1	1/8	1/8	1	-1	0	48	912
94	94	1/4	1/4	4/4	1	1	1/2	1/2	1		3	69	903
94	94	1/4	1/4	4/4	2	1	1/4	1/4	1		0	72	907
94	94	3/8	3/8	4/4	3	1	1/8	1/8	1		2	50	913
94	94	1/2	1/2	4/4	3	1	1/4	1/4	1	1	4	52	914
94	94	1/2	1/2	4/4	2	1	1/8	1/8	1		5	71	908
94	94	5/8	5/8	4/4	2	1	1/8	1/8	1		3	69	909
94	94	3/4	3/4	4/4	3	1	1/4	1/4	1	-1	4	52	915
94	94	3/4	3/4	4/4	1	1	1/4	1/4	1		8	68	904
94	94	3/4	3/4	4/4	2	1	1/4	1/4	1		5	71	910
95	95	0	0	4/4	3	1	1	1	1		3	45	924
95	95	0	0	4/4	1	1	1/4	1/4	1		3	69	916
95	95	0	0	4/4	2	1	1/2	1/2	1		3	69	922
95	95	3/8	3/8	4/4	1	1	1/8	1/8	1		4	76	917
95	95	1/2	1/2	4/4	1	1	1/8	1/8	1		0	72	918
95	95	5/8	5/8	4/4	1	1	1/8	1/8	1		2	74	919
95	95	3/4	3/4	4/4	1	1	1/8	1/8	1		4	76	920
95	95	7/8	7/8	4/4	1	1	1/8	1/8	1		0	72	921
95	95	7/8	7/8	4/4	2	1	1/8	1/8	1		0	72	923
96	96	0	0	4/4	3	1	1	1	1		1	43	936
96	96	0	0	4/4	2	1	1/8	1/8	1		5	71	929
96	96	0	0	4/4	1	1	1/8	1/8	1		2	74	925
96	96	1/8	1/8	4/4	1	1	1/8	1/8	1		0	72	926
96	96	1/8	1/8	4/4	2	1	1/8	1/8	1		0	72	930
96	96	1/4	1/4	4/4	1	1	1/4	1/4	1		5	71	927
96	96	1/4	1/4	4/4	2	1	1/8	1/8	1		2	74	931
96	96	3/8	3/8	4/4	2	1	1/8	1/8	1		1	67	932
96	96	1/2	1/2	4/4	2	1	1/8	1/8	1		5	71	933
96	96	5/8	5/8	4/4	2	1	1/8	1/8	1		3	69	934
96	96	3/4	3/4	4/4	2	1	1/4	1/4	1		1	67	935
96	96	7/8	7/8	4/4	1	1	1/8	1/8	1		5	71	928
97	97	0	0	4/4	3	1	1/2	1/2	1		3	45	950
97	97	0	0	4/4	1	1	1/8	1/8	1		0	72	937
97	97	1/8	1/8	4/4	1	1	1/8	1/8	1		5	71	938
97	97	1/4	1/4	4/4	1	1	1/8	1/8	1		3	69	939
97	97	3/8	3/8	4/4	1	1	1/8	1/8	1		1	67	940
97	97	3/8	3/8	4/4	2	1	1/8	1/8	1		0	72	945
97	97	1/2	1/2	4/4	3	1	1/4	1/4	1	1	5	47	951
97	97	1/2	1/2	4/4	1	1	1/8	1/8	1		6	66	941
97	97	1/2	1/2	4/4	2	1	1/8	1/8	1		2	74	946
97	97	5/8	5/8	4/4	1	1	1/8	1/8	1		6	66	942
97	97	5/8	5/8	4/4	2	1	1/8	1/8	1		0	72	947
97	97	3/4	3/4	4/4	3	1	1/4	1/4	1	-1	5	47	952
97	97	3/4	3/4	4/4	1	1	1/8	1/8	1		1	67	943
97	97	3/4	3/4	4/4	2	1	1/8	1/8	1		5	71	948
97	97	7/8	7/8	4/4	2	1	1/8	1/8	1		3	69	949
97	97	7/8	7/8	4/4	1	1	1/8	1/8	1		2	74	944
98	98	0	0	4/4	3	1	1/4	1/4	1	1	0	48	964
98	98	0	0	4/4	2	1	1/4	1/4	1		1	67	959
98	98	0	0	4/4	1	1	1/8	1/8	1		4	76	953
98	98	1/8	1/8	4/4	1	1	1/8	1/8	1		2	74	954
98	98	1/4	1/4	4/4	3	1	1/8	1/8	1	-1	0	48	965
98	98	1/4	1/4	4/4	2	1	3/8	1/4	3/2		3	69	960
98	98	1/4	1/4	4/4	1	1	1/8	1/8	1		0	72	955
98	98	3/8	3/8	4/4	3	1	1/8	1/8	1		2	50	966
98	98	3/8	3/8	4/4	1	1	1/8	1/8	1		5	71	956
98	98	1/2	1/2	4/4	3	1	1/4	1/4	1	1	4	52	967
98	98	1/2	1/2	4/4	1	1	3/8	1/4	3/2		5	71	957
98	98	5/8	5/8	4/4	2	1	1/16	1/16	1		8	68	961
98	98	11/16	11/16	4/4	2	1	1/16	1/16	1		6	66	962
98	98	3/4	3/4	4/4	3	1	1/4	1/4	1	-1	4	52	968
98	98	3/4	3/4	4/4	2	1	1/4	1/4	1		8	68	963
98	98	7/8	7/8	4/4	1	1	1/8	1/8	1		3	69	958
99	99	0	0	4/4	3	1	1	1	1		3	45	977
99	99	0	0	4/4	2	1	1/4	1/4	1		3	69	970
99	99	0	0	4/4	1	1	1/2	1/2	1		3	69	969
99	99	1/4	1/4	4/4	2	1	1/8	1/8	1		4	76	971
99	99	3/8	3/8	4/4	2	1	1/8	1/8	1		2	74	972
99	99	1/2	1/2	4/4	2	1	1/8	1/8	1		0	72	973
99	99	5/8	5/8	4/4	2	1	1/8	1/8	1		5	71	974
99	99	3/4	3/4	4/4	2	1	1/8	1/8	1		3	69	975
99	99	7/8	7/8	4/4	2	1	1/8	1/8	1		1	67	976
100	100	0	0	4/4	3	1	1	1	1		1	43	982
100	100	0	0	4/4	2	1	1/4	1/4	1		5	71	980
100	100	1/4	1/4	4/4	2	1	1/4	1/4	1		5	71	981
100	100	3/4	3/4	4/4	1	1	1/8	1/8	1		1	79	978
100	100	7/8	7/8	4/4	1	1	1/8	1/8	1		-1	77	979
101	101	0	0	4/4	3	1	1/2	1/2	1		3	45	991
101	101	0	0	4/4	1	1	1/8	1/8	1		4	76	983
101	101	1/8	1/8	4/4	1	1	1/8	1/8	1		2	74	984
101	101	1/4	1/4	4/4	1	1	1/8	1/8	1		0	72	985
101	101	3/8	3/8	4/4	1	1	1/8	1/8	1		5	71	986
101	101	1/2	1/2	4/4	3	1	1/2	1/2	1		5	47	992
101	101	1/2	1/2	4/4	1	1	1/4	1/4	1		2	74	987
101	101	3/4	3/4	4/4	1	1	1/4	1/4	1		2	74	988
101	101	3/4	3/4	4/4	2	1	1/8	1/8	1		1	79	989
101	101	7/8	7/8	4/4	2	1	1/8	1/8	1		-1	77	990
102	102	0	0	4/4	3	1	1/4	1/4	1	1	0	48	1001
102	102	0	0	4/4	1	1	1/4	1/4	1		1	67	993
102	102	0	0	4/4	2	1	1/8	1/8	1		4	76	996
102	102	1/8	1/8	4/4	2	1	1/8	1/8	1		2	74	997
102	102	1/4	1/4	4/4	3	1	1/8	1/8	1	-1	0	48	1002
102	102	1/4	1/4	4/4	1	1	1/2	1/2	1		3	69	994
102	102	1/4	1/4	4/4	2	1	1/8	1/8	1		0	72	998
102	102	3/8	3/8	4/4	3	1	1/8	1/8	1		2	50	1003
102	102	3/8	3/8	4/4	2	1	1/8	1/8	1		5	71	999
102	102	1/2	1/2	4/4	3	1	1/4	1/4	1	1	4	52	1004
102	102	1/2	1/2	4/4	2	1	1/2	1/2	1		5	71	1000
102	102	3/4	3/4	4/4	3	1	1/4	1/4	1	-1	4	52	1005
102	102	3/4	3/4	4/4	1	1	1/4	1/4	1		8	68	995
103	103	0	0	4/4	3	1	1	1	1		3	45	1010
103	103	0	0	4/4	1	1	1/2	1/2	1		3	69	1006
103	103	0	0	4/4	2	1	1/2	1/2	1		3	69	1009
103	103	1/2	1/2	4/4	1	1	3/8	1/4	3/2		0	72	1007
103	103	7/8	7/8	4/4	1	1	1/8	1/8	1		5	71	1008
104	104	0	0	4/4	3	1	1	1	1		1	43	1015
104	104	0	0	4/4	1	1	1/4	1/4	1		5	71	1011
104	104	1/4	1/4	4/4	1	1	1/4	1/4	1		5	71	1012
104	104	1/2	1/2	4/4	2	1	3/8	1/4	3/2		2	74	1013
104	104	7/8	7/8	4/4	2	1	1/8	1/8	1		0	72	1014
105	105	0	0	4/4	3	1	1/2	1/2	1		3	45	1024
105	105	0	0	4/4	2	1	1/4	1/4	1		0	72	1020
105	105	0	0	4/4	1	1	3/8	1/4	3/2		4	76	1016
105	105	1/4	1/4	4/4	2	1	3/8	1/4	3/2		0	72	1021
105	105	3/8	3/8	4/4	1	1	1/8	1/8	1		2	74	1017
105	105	1/2	1/2	4/4	3	1	1/2	1/2	1		5	47	1025
105	105	1/2	1/2	4/4	1	1	3/8	1/4	3/2		2	74	1018
105	105	5/8	5/8	4/4	2	1	1/8	1/8	1		5	71	1022
105	105	3/4	3/4	4/4	2	1	1/4	1/4	1	1	5	71	1023
105	105	7/8	7/8	4/4	1	1	1/8	1/8	1		0	72	1019
106	106	0	0	4/4	3	1	1/4	1/4	1	1	0	48	1034
106	106	0	0	4/4	2	1	1/8	1/8	1	-1	5	71	1029
106	106	0	0	4/4	1	1	3/8	1/4	3/2		0	72	1026
106	106	1/8	1/8	4/4	2	1	1/8	1/8	1		3	69	1030
106	106	1/4	1/4	4/4	3	1	1/8	1/8	1	-1	0	48	1035
106	106	1/4	1/4	4/4	2	1	3/8	1/4	3/2		3	69	1031
106	106	3/8	3/8	4/4	3	1	1/8	1/8	1		2	50	1036
106	106	3/8	3/8	4/4	1	1	1/8	1/8	1		5	71	1027
106	106	1/2	1/2	4/4	3	1	1/4	1/4	1	1	4	52	1037
106	106	1/2	1/2	4/4	1	1	1/2	1/2	1		5	71	1028
106	106	5/8	5/8	4/4	2	1	1/8	1/8	1		8	68	1032
106	106	3/4	3/4	4/4	3	1	1/4	1/4	1	-1	4	52	1038
106	106	3/4	3/4	4/4	2	1	1/4	1/4	1		8	68	1033
107	107	0	0	4/4	3	1	1/2	1/2	1	1	3	45	1043
107	107	0	0	4/4	2	1	1/4	1/4	1		3	69	1040
107	107	0	0	4/4	1	1	1/2	1/2	1		3	69	1039
107	107	1/4	1/4	4/4	2	1	1/4	1/4	1		0	72	1041
107	107	1/2	1/2	4/4	3	1	1/2	1/2	1	-1	3	45	1044
107	107	1/2	1/2	4/4	2	1	1/2	1/2	1		6	66	1042
108	108	0	0	4/4	3	1	1	1	1		1	43	1049
108	108	0	0	4/4	2	1	1/2	1/2	1		1	67	1048
108	108	0	0	4/4	1	1	1/4	1/4	1		5	71	1045
108	108	1/4	1/4	4/4	1	1	1/4	1/4	1		2	74	1046
108	108	1/2	1/2	4/4	1	1	1/2	1/2	1		1	67	1047
109	109	0	0	4/4	3	1	1/2	1/2	1		3	45	1055
109	109	0	0	4/4	2	1	1/4	1/4	1		3	69	1051
109	109	0	0	4/4	1	1	1/2	1/2	1		0	72	1050
109	109	1/4	1/4	4/4	2	1	1/4	1/4	1		0	72	1052
109	109	1/2	1/2	4/4	3	1	1/4	1/4	1	1	5	47	1056
109	109	1/2	1/2	4/4	2	1	1/4	1/4	1		6	66	1053
109	109	3/4	3/4	4/4	3	1	1/4	1/4	1	-1	5	47	1057
109	109	3/4	3/4	4/4	2	1	1/4	1/4	1		1	67	1054
110	110	0	0	4/4	3	1	3/8	1/4	3/2		0	48	1064
110	110	0	0	4/4	2	1	1/4	1/4	1		0	72	1061
110	110	0	0	4/4	1	1	1/4	1/4	1		4	76	1058
110	110	1/4	1/4	4/4	2	1	1/4	1/4	1		4	76	1062
110	110	1/4	1/4	4/4	1	1	1/4	1/4	1		1	79	1059
110	110	3/8	3/8	4/4	3	1	1/8	1/8	1		2	50	1065
110	110	1/2	1/2	4/4	3	1	1/2	1/2	1		4	52	1066
110	110	1/2	1/2	4/4	2	1	1/2	1/2	1		8	68	1063
110	110	1/2	1/2	4/4	1	1	1/2	1/2	1		5	71	1060
111	111	0	0	3/2	3	1	3/2	1	3/2		3	45	1072
111	111	0	0	3/2	1	1	3/4	1/2	3/2		3	69	1067
111	111	0	0	3/2	2	1	1	1	1		3	69	1071
111	111	3/4	3/4	3/2	1	1	1/4	1/4	1		4	76	1068
111	111	1	1	3/2	1	1	1/4	1/4	1		2	74	1069
111	111	5/4	5/4	3/2	1	1	1/4	1/4	1		0	72	1070
112	112	0	0	3/2	3	1	3/2	1	3/2		1	43	1079
112	112	0	0	3/2	1	1	1/4	1/4	1		2	74	1073
112	112	1/4	1/4	3/2	1	1	1/4	1/4	1		0	72	1074
112	112	1/2	1/2	3/2	1	1	1/4	1/4	1		5	71	1075
112	112	3/4	3/4	3/2	1	1	1/4	1/4	1		3	69	1076
112	112	1	1	3/2	1	1	1/4	1/4	1		1	67	1077
112	112	5/4	5/4	3/2	1	1	1/4	1/4	1		-1	65	1078
113	113	0	0	3/2	3	1	3/2	1	3/2		3	45	1083
113	113	0	0	3/2	1	1	1	1	1		4	64	1080
113	113	1	1	3/2	1	1	1/4	1/4	1		3	69	1081
113	113	5/4	5/4	3/2	1	1	1/4	1/4	1		1	67	1082
114	114	0	0	3/2	3	1	3/2	1	3/2		5	47	1088
114	114	0	0	3/2	1	1	1/2	1/2	1		6	66	1084
114	114	1/2	1/2	3/2	1	1	1/2	1/2	1		6	66	1085
114	114	1	1	3/2	1	1	1/4	1/4	1		5	71	1086
114	114	5/4	5/4	3/2	1	1	1/4	1/4	1		3	69	1087
115	115	0	0	3/2	3	1	1	1	1		0	48	1093
115	115	0	0	3/2	1	1	1/2	1/2	1		1	67	1089
115	115	1/2	1/2	3/2	1	1	1/2	1/2	1		1	67	1090
115	115	1	1	3/2	3	1	1/2	1/2	1	1	2	50	1094
115	115	1	1	3/2	1	1	1/4	1/4	1		2	74	1091
115	115	5/4	5/4	3/2	1	1	1/4	1/4	1		0	72	1092
116	116	0	0	3/2	3	1	1/2	1/2	1	-1	2	50	1098
116	116	0	0	3/2	1	1	1/4	1/4	1		0	72	1095
116	116	1/4	1/4	3/2	1	1	1/4	1/4	1		5	71	1096
116	116	1/2	1/2	3/2	3	1	1	1	1		4	52	1099
116	116	1/2	1/2	3/2	1	1	1	1	1		5	71	1097
117	117	0	0	3/2	3	1	3/2	1	3/2		3	45	1107
117	117	0	0	3/2	1	1	3/4	1/2	3/2		3	69	1100
117	117	3/4	3/4	3/2	1	1	1/4	1/4	1		0	72	1101
117	117	3/4	3/4	3/2	2	1	1/4	1/4	1		4	76	1104
117	117	1	1	3/2	1	1	1/4	1/4	1		5	71	1102
117	117	1	1	3/2	2	1	1/4	1/4	1		2	74	1105
117	117	5/4	5/4	3/2	1	1	1/4	1/4	1		3	69	1103
117	117	5/4	5/4	3/2	2	1	1/4	1/4	1		0	72	1106
118	118	0	0	3/2	3	1	3/2	1	3/2		1	43	1120
118	118	0	0	3/2	1	1	1/4	1/4	1		5	71	1108
118	118	0	0	3/2	2	1	1/4	1/4	1		2	74	1114
118	118	1/4	1/4	3/2	1	1	1/4	1/4	1		3	69	1109
118	118	1/4	1/4	3/2	2	1	1/4	1/4	1		0	72	1115
118	118	1/2	1/2	3/2	1	1	1/4	1/4	1		1	67	1110
118	118	1/2	1/2	3/2	2	1	1/4	1/4	1		5	71	1116
118	118	3/4	3/4	3/2	1	1	1/4	1/4	1		-1	65	1111
118	118	3/4	3/4	3/2	2	1	1/4	1/4	1		3	69	1117
118	118	1	1	3/2	1	1	1/4	1/4	1		4	64	1112
118	118	1	1	3/2	2	1	1/4	1/4	1		1	67	1118
118	118	5/4	5/4	3/2	1	1	1/4	1/4	1		2	62	1113
118	118	5/4	5/4	3/2	2	1	1/4	1/4	1		-1	65	1119
119	119	0	0	3/2	3	1	3/2	1	3/2		3	45	1128
119	119	0	0	3/2	1	1	3/4	1/2	3/2		0	60	1121
119	119	0	0	3/2	2	1	1	1	1		4	64	1125
119	119	3/4	3/4	3/2	1	1	1/4	1/4	1		4	76	1122
119	119	1	1	3/2	2	1	1/4	1/4	1		3	69	1126
119	119	1	1	3/2	1	1	1/4	1/4	1		2	74	1123
119	119	5/4	5/4	3/2	2	1	1/4	1/4	1		1	67	1127
119	119	5/4	5/4	3/2	1	1	1/4	1/4	1		0	72	1124
120	120	0	0	3/2	3	1	3/2	1	3/2		5	47	1139
120	120	0	0	3/2	2	1	1/2	1/2	1		6	66	1135
120	120	0	0	3/2	1	1	1/4	1/4	1		2	74	1129
120	120	1/4	1/4	3/2	1	1	1/4	1/4	1		0	72	1130
120	120	1/2	1/2	3/2	2	1	1/2	1/2	1		6	66	1136
120	120	1/2	1/2	3/2	1	1	1/4	1/4	1		5	71	1131
120	120	3/4	3/4	3/2	1	1	1/4	1/4	1		3	69	1132
120	120	1	1	3/2	1	1	1/4	1/4	1		1	67	1133
120	120	1	1	3/2	2	1	1/4	1/4	1		5	71	1137
120	120	5/4	5/4	3/2	1	1	1/4	1/4	1		-1	65	1134
120	120	5/4	5/4	3/2	2	1	1/4	1/4	1		3	69	1138
121	121	0	0	3/2	3	1	1	1	1		0	48	1145
121	121	0	0	3/2	1	1	1	1	1		4	64	1140
121	121	0	0	3/2	2	1	1/2	1/2	1		1	67	1141
121	121	1/2	1/2	3/2	2	1	1/2	1/2	1		1	67	1142
121	121	1	1	3/2	3	1	1/2	1/2	1	1	2	50	1146
121	121	1	1	3/2	2	1	1/4	1/4	1		2	74	1143
121	121	5/4	5/4	3/2	2	1	1/4	1/4	1		0	72	1144
122	122	0	0	3/2	3	1	1/2	1/2	1	-1	2	50	1150
122	122	0	0	3/2	2	1	1/4	1/4	1		0	72	1147
122	122	1/4	1/4	3/2	2	1	1/4	1/4	1		5	71	1148
122	122	1/2	1/2	3/2	3	1	1	1	1		4	52	1151
122	122	1/2	1/2	3/2	2	1	1	1	1		5	71	1149
123	123	0	0	3/2	3	1	3/2	1	3/2		3	45	1159
123	123	0	0	3/2	2	1	1	1	1		3	69	1158
123	123	0	0	3/2	1	1	1/4	1/4	1		4	76	1152
123	123	1/4	1/4	3/2	1	1	1/4	1/4	1		2	74	1153
123	123	1/2	1/2	3/2	1	1	1/4	1/4	1		4	76	1154
123	123	3/4	3/4	3/2	1	1	1/4	1/4	1		2	74	1155
123	123	1	1	3/2	1	1	1/4	1/4	1		0	72	1156
123	123	5/4	5/4	3/2	1	1	1/4	1/4	1		2	74	1157
124	124	0	0	3/2	3	1	3/2	1	3/2		1	43	1167
124	124	0	0	3/2	1	1	1	1	1		5	71	1160
124	124	0	0	3/2	2	1	1/4	1/4	1		2	74	1161
124	124	1/4	1/4	3/2	2	1	1/4	1/4	1		0	72	1162
124	124	1/2	1/2	3/2	2	1	1/4	1/4	1		2	74	1163
124	124	3/4	3/4	3/2	2	1	1/4	1/4	1		0	72	1164
124	124	1	1	3/2	2	1	1/4	1/4	1		5	71	1165
124	124	5/4	5/4	3/2	2	1	1/4	1/4	1		0	72	1166
125	125	0	0	3/2	3	1	3/2	1	3/2		3	45	1175
125	125	0	0	3/2	2	1	1	1	1		3	69	1174
125	125	0	0	3/2	1	1	1/4	1/4	1		0	72	1168
125	125	1/4	1/4	3/2	1	1	1/4	1/4	1		5	71	1169
125	125	1/2	1/2	3/2	1	1	1/4	1/4	1		0	72	1170
125	125	3/4	3/4	3/2	1	1	1/4	1/4	1		5	71	1171
125	125	1	1	3/2	1	1	1/4	1/4	1		3	69	1172
125	125	5/4	5/4	3/2	1	1	1/4	1/4	1		5	71	1173
126	126	0	0	3/2	3	1	3/2	1	3/2		5	47	1183
126	126	0	0	3/2	2	1	1/4	1/4	1		1	67	1177
126	126	0	0	3/2	1	1	1	1	1		1	67	1176
126	126	1/4	1/4	3/2	2	1	1/4	1/4	1		-1	65	1178
126	126	1/2	1/2	3/2	2	1	1/4	1/4	1		1	67	1179
126	126	3/4	3/4	3/2	2	1	1/4	1/4	1		-1	65	1180
126	126	1	1	3/2	2	1	1/4	1/4	1		4	64	1181
126	126	5/4	5/4	3/2	2	1	1/4	1/4	1		2	62	1182
127	127	0	0	3/2	3	1	1	1	1		0	48	1193
127	127	0	0	3/2	2	1	1	1	1		4	64	1190
127	127	0	0	3/2	1	1	1/4	1/4	1		4	76	1184
127	127	1/4	1/4	3/2	1	1	1/4	1/4	1		2	74	1185
127	127	1/2	1/2	3/2	1	1	1/4	1/4	1		0	72	1186
127	127	3/4	3/4	3/2	1	1	1/4	1/4	1		2	74	1187
127	127	1	1	3/2	3	1	1/2	1/2	1	1	2	50	1194
127	127	1	1	3/2	1	1	1/4	1/4	1		5	71	1188
127	127	1	1	3/2	2	1	1/4	1/4	1		-1	77	1191
127	127	5/4	5/4	3/2	1	1	1/4	1/4	1		0	72	1189
127	127	5/4	5/4	3/2	2	1	1/4	1/4	1		4	76	1192
128	128	0	0	3/2	3	1	1/2	1/2	1	-1	2	50	1202
128	128	0	0	3/2	1	1	1/2	1/2	1		3	69	1195
128	128	0	0	3/2	2	1	1/4	1/4	1		2	74	1197
128	128	1/4	1/4	3/2	2	1	1/4	1/4	1		4	76	1198
128	128	1/2	1/2	3/2	3	1	1	1	1		4	52	1203
128	128	1/2	1/2	3/2	2	1	1/4	1/4	1		0	72	1199
128	128	3/4	3/4	3/2	2	1	1/4	1/4	1		2	74	1200
128	128	1	1	3/2	2	1	1/2	1/2	1		5	71	1201
128	128	1	1	3/2	1	1	1/2	1/2	1		4	76	1196
129	129	0	0	3/2	3	1	3/2	1	3/2		3	45	1211
129	129	0	0	3/2	1	1	1/4	1/4	1		0	72	1204
129	129	1/4	1/4	3/2	1	1	1/4	1/4	1		2	74	1205
129	129	1/2	1/2	3/2	1	1	1/4	1/4	1		0	72	1206
129	129	3/4	3/4	3/2	1	1	1/4	1/4	1		2	74	1207
129	129	1	1	3/2	2	1	1/2	1/2	1		0	72	1210
129	129	1	1	3/2	1	1	1/4	1/4	1		4	76	1208
129	129	5/4	5/4	3/2	1	1	1/4	1/4	1		0	72	1209
130	130	0	0	3/2	3	1	3/2	1	3/2		1	43	1221
130	130	0	0	3/2	2	1	1/4	1/4	1		5	71	1215
130	130	0	0	3/2	1	1	3/4	1/2	3/2		2	74	1212
130	130	1/4	1/4	3/2	2	1	1/4	1/4	1		0	72	1216
130	130	1/2	1/2	3/2	2	1	1/4	1/4	1		5	71	1217
130	130	3/4	3/4	3/2	1	1	1/4	1/4	1		0	72	1213
130	130	3/4	3/4	3/2	2	1	1/4	1/4	1		0	72	1218
130	130	1	1	3/2	1	1	1/2	1/2	1		5	71	1214
130	130	1	1	3/2	2	1	1/4	1/4	1		2	74	1219
130	130	5/4	5/4	3/2	2	1	1/4	1/4	1		5	71	1220
131	131	0	0	3/2	3	1	3/2	1	3/2		3	45	1231
131	131	0	0	3/2	1	1	1/4	1/4	1		3	69	1222
131	131	0	0	3/2	2	1	3/4	1/2	3/2		0	72	1228
131	131	1/4	1/4	3/2	1	1	1/4	1/4	1		5	71	1223
131	131	1/2	1/2	3/2	1	1	1/4	1/4	1		0	72	1224
131	131	3/4	3/4	3/2	2	1	1/4	1/4	1		5	71	1229
131	131	3/4	3/4	3/2	1	1	1/4	1/4	1		2	74	1225
131	131	1	1	3/2	2	1	1/2	1/2	1		3	69	1230
131	131	1	1	3/2	1	1	1/4	1/4	1		4	76	1226
131	131	5/4	5/4	3/2	1	1	1/4	1/4	1		0	72	1227
132	132	0	0	3/2	3	1	3/2	1	3/2		5	47	1244
132	132	0	0	3/2	2	1	1/4	1/4	1		1	67	1238
132	132	0	0	3/2	1	1	1/4	1/4	1		2	74	1232
132	132	1/4	1/4	3/2	2	1	1/4	1/4	1		3	69	1239
132	132	1/4	1/4	3/2	1	1	1/4	1/4	1		0	72	1233
132	132	1/2	1/2	3/2	1	1	1/4	1/4	1		5	71	1234
132	132	1/2	1/2	3/2	2	1	1/4	1/4	1		5	71	1240
132	132	3/4	3/4	3/2	1	1	1/4	1/4	1		3	69	1235
132	132	3/4	3/4	3/2	2	1	1/4	1/4	1		0	72	1241
132	132	1	1	3/2	1	1	1/4	1/4	1		1	67	1236
132	132	1	1	3/2	2	1	1/4	1/4	1		2	74	1242
132	132	5/4	5/4	3/2	1	1	1/4	1/4	1		-1	65	1237
132	132	5/4	5/4	3/2	2	1	1/4	1/4	1		5	71	1243
133	133	0	0	3/2	3	1	1	1	1		0	48	1257
133	133	0	0	3/2	1	1	1/4	1/4	1		4	64	1245
133	133	0	0	3/2	2	1	1/4	1/4	1		4	76	1251
133	133	1/4	1/4	3/2	1	1	1/4	1/4	1		-1	65	1246
133	133	1/4	1/4	3/2	2	1	1/4	1/4	1		2	74	1252
133	133	1/2	1/2	3/2	1	1	1/4	1/4	1		1	67	1247
133	133	1/2	1/2	3/2	2	1	1/4	1/4	1		0	72	1253
133	133	3/4	3/4	3/2	1	1	1/4	1/4	1		4	64	1248
133	133	3/4	3/4	3/2	2	1	1/4	1/4	1		5	71	1254
133	133	1	1	3/2	3	1	1/2	1/2	1	1	2	50	1258
133	133	1	1	3/2	1	1	1/4	1/4	1		-1	65	1249
133	133	1	1	3/2	2	1	1/4	1/4	1		3	69	1255
133	133	5/4	5/4	3/2	1	1	1/4	1/4	1		1	67	1250
133	133	5/4	5/4	3/2	2	1	1/4	1/4	1		5	71	1256
134	134	0	0	3/2	3	1	1/2	1/2	1	-1	2	50	1265
134	134	0	0	3/2	1	1	3/4	1/2	3/2		3	69	1259
134	134	0	0	3/2	2	1	1/4	1/4	1		0	72	1262
134	134	1/4	1/4	3/2	2	1	1/4	1/4	1		2	74	1263
134	134	1/2	1/2	3/2	3	1	1	1	1		4	52	1266
134	134	1/2	1/2	3/2	2	1	1	1	1		5	71	1264
134	134	3/4	3/4	3/2	1	1	1/4	1/4	1		5	71	1260
134	134	1	1	3/2	1	1	1/2	1/2	1		8	68	1261
135	135	0	0	4/4	3	1	1	1	1		3	45	1270
135	135	0	0	4/4	2	1	1/2	1/2	1		3	69	1268
135	135	0	0	4/4	1	1	1	1	1		3	69	1267
135	135	1/2	1/2	4/4	2	1	1/2	1/2	1	1	4	76	1269
136	136	0	0	4/4	3	1	1/2	1/2	1	1	1	43	1273
136	136	0	0	4/4	2	1	1/2	1/2	1	-1	4	76	1271
136	136	1/2	1/2	4/4	3	1	1/2	1/2	1	-1	1	43	1274
136	136	1/2	1/2	4/4	2	1	1/2	1/2	1	1	2	74	1272
137	137	0	0	4/4	3	1	1/2	1/2	1	1	3	45	1278
137	137	0	0	4/4	2	1	1/2	1/2	1	-1	2	74	1276
137	137	0	0	4/4	1	1	1	1	1		4	76	1275
137	137	1/2	1/2	4/4	3	1	1/2	1/2	1	-1	3	45	1279
137	137	1/2	1/2	4/4	2	1	1/2	1/2	1	1	0	72	1277
138	138	0	0	4/4	3	1	1/2	1/2	1	1	5	47	1284
138	138	0	0	4/4	2	1	1/4	1/4	1	-1	0	72	1281
138	138	0	0	4/4	1	1	1	1	1		2	74	1280
138	138	1/4	1/4	4/4	2	1	1/4	1/4	1		5	71	1282
138	138	1/2	1/2	4/4	3	1	1/2	1/2	1	-1	5	47	1285
138	138	1/2	1/2	4/4	2	1	1/2	1/2	1	1	5	71	1283
139	139	0	0	4/4	3	1	1/2	1/2	1	1	0	48	1290
139	139	0	0	4/4	2	1	1/4	1/4	1	-1	5	71	1287
139	139	0	0	4/4	1	1	1	1	1		0	72	1286
139	139	1/4	1/4	4/4	2	1	1/4	1/4	1		3	69	1288
139	139	1/2	1/2	4/4	3	1	1/4	1/4	1	-1	0	48	1291
139	139	1/2	1/2	4/4	2	1	1/2	1/2	1	1	3	69	1289
139	139	3/4	3/4	4/4	3	1	1/4	1/4	1		2	50	1292
140	140	0	0	4/4	3	1	1/2	1/2	1	1	4	52	1298
140	140	0	0	4/4	2	1	1/4	1/4	1	-1	3	69	1294
140	140	0	0	4/4	1	1	1	1	1		5	71	1293
140	140	1/4	1/4	4/4	2	1	1/8	1/8	1		8	68	1295
140	140	3/8	3/8	4/4	2	1	1/8	1/8	1		6	66	1296
140	140	1/2	1/2	4/4	3	1	1/2	1/2	1	-1	4	52	1299
140	140	1/2	1/2	4/4	2	1	1/2	1/2	1		8	68	1297
141	141	0	0	4/4	3	1	1	1	1		3	45	1302
141	141	0	0	4/4	1	1	1	1	1		3	69	1300
141	141	0	0	4/4	2	1	1	1	1		3	69	1301
