mc	mn	quarterbeats	duration_qb	mc_onset	mn_onset	timesig	staff	voice	duration	nominal_duration	scalar	tied	tpc	midi	name	octave	chord_id
1	1	0	1.0	0	0	4/4	2	1	1/4	1/4	1		1	55	G3	3	1
1	1	1	1.0	1/4	1/4	4/4	2	1	1/4	1/4	1		6	54	F#3	3	2
1	1	2	0.5	1/2	1/2	4/4	2	1	1/8	1/8	1		2	50	D3	3	3
1	1	5/2	0.5	5/8	5/8	4/4	2	1	1/8	1/8	1		1	55	G3	3	4
1	1	3	1.0	3/4	3/4	4/4	2	1	1/4	1/4	1		-3	51	Eb3	3	5
1	1	3	1.0	3/4	3/4	4/4	1	1	1/4	1/4	1		1	67	G4	4	0
2	2	4	1.0	0	0	4/4	2	1	1/4	1/4	1		2	50	D3	3	11
2	2	4	1.0	0	0	4/4	1	1	1/4	1/4	1		6	66	F#4	4	6
2	2	5	1.0	1/4	1/4	4/4	2	1	1/4	1/4	1		1	43	G2	2	12
2	2	5	0.5	1/4	1/4	4/4	1	1	1/8	1/8	1		2	62	D4	4	7
2	2	11/2	0.5	3/8	3/8	4/4	1	1	1/8	1/8	1		1	67	G4	4	8
2	2	6	1.0	1/2	1/2	4/4	2	1	1/4	1/4	1		2	50	D3	3	13
2	2	6	1.0	1/2	1/2	4/4	1	1	1/4	1/4	1		6	66	F#4	4	9
2	2	7	1.0	3/4	3/4	4/4	2	1	1/4	1/4	1		-2	46	Bb2	2	14
2	2	7	1.0	3/4	3/4	4/4	1	1	1/4	1/4	1		2	62	D4	4	10
3	3	8	0.5	0	0	4/4	2	1	1/8	1/8	1		1	43	G2	2	17
3	3	8	2.0	0	0	4/4	1	1	1/2	1/2	1		-2	70	Bb4	4	15
3	3	17/2	0.5	1/8	1/8	4/4	2	1	1/8	1/8	1		3	45	A2	2	18
3	3	9	0.5	1/4	1/4	4/4	2	1	1/8	1/8	1		-2	46	Bb2	2	19
3	3	19/2	0.5	3/8	3/8	4/4	2	1	1/8	1/8	1		0	48	C3	3	20
3	3	10	0.5	1/2	1/2	4/4	2	1	1/8	1/8	1		2	50	D3	3	21
3	3	10	2.0	1/2	1/2	4/4	1	1	1/2	1/2	1		3	69	A4	4	16
3	3	21/2	0.5	5/8	5/8	4/4	2	1	1/8	1/8	1		4	52	E3	3	22
3	3	11	1.0	3/4	3/4	4/4	2	1	1/4	1/4	1		-1	53	F3	3	23
4	4	12	2.0	0	0	4/4	2	1	1/2	1/2	1		0	48	C3	3	28
4	4	12	1.5	0	0	4/4	1	1	3/8	1/4	3/2		1	67	G4	4	24
4	4	27/2	0.5	3/8	3/8	4/4	1	1	1/8	1/8	1		-1	65	F4	4	25
4	4	14	1.0	1/2	1/2	4/4	2	1	1/4	1/4	1		-1	41	F2	2	29
4	4	14	1.0	1/2	1/2	4/4	1	1	1/4	1/4	1		-1	65	F4	4	26
4	4	15	1.0	3/4	3/4	4/4	2	1	1/4	1/4	1		2	50	D3	3	30
4	4	31/2	0.5	7/8	7/8	4/4	1	1	1/8	1/8	1		3	69	A4	4	27
5	5	16	1.0	0	0	4/4	2	1	1/4	1/4	1		1	43	G2	2	39
5	5	16	0.5	0	0	4/4	1	1	1/8	1/8	1		1	67	G4	4	31
5	5	33/2	0.5	1/8	1/8	4/4	1	1	1/8	1/8	1		-1	65	F4	4	32
5	5	17	1.0	1/4	1/4	4/4	2	1	1/4	1/4	1		-2	46	Bb2	2	40
5	5	17	0.5	1/4	1/4	4/4	1	1	1/8	1/8	1		4	64	E4	4	33
5	5	35/2	0.5	3/8	3/8	4/4	1	1	1/8	1/8	1		2	62	D4	4	34
5	5	18	1.0	1/2	1/2	4/4	2	1	1/4	1/4	1		3	45	A2	2	41
5	5	18	0.5	1/2	1/2	4/4	1	1	1/8	1/8	1		7	61	C#4	4	35
5	5	37/2	0.25	5/8	5/8	4/4	1	1	1/16	1/16	1		2	62	D4	4	36
5	5	75/4	0.25	11/16	11/16	4/4	1	1	1/16	1/16	1		4	64	E4	4	37
5	5	19	1.0	3/4	3/4	4/4	2	1	1/4	1/4	1		-1	41	F2	2	42
5	5	19	1.0	3/4	3/4	4/4	1	1	1/4	1/4	1	1	2	62	D4	4	38
6	6	20	1.0	0	0	4/4	2	1	1/4	1/4	1		1	43	G2	2	47
6	6	20	1.0	0	0	4/4	1	1	1/4	1/4	1	-1	2	62	D4	4	43
6	6	21	1.0	1/4	1/4	4/4	2	1	1/4	1/4	1		3	45	A2	2	48
6	6	21	1.0	1/4	1/4	4/4	1	1	1/4	1/4	1		7	61	C#4	4	44
6	6	22	1.0	1/2	1/2	4/4	2	1	1/4	1/4	1		2	50	D3	3	49
6	6	22	1.0	1/2	1/2	4/4	1	1	1/4	1/4	1		2	62	D4	4	45
6	6	23	1.0	3/4	3/4	4/4	2	1	1/4	1/4	1		-2	46	Bb2	2	50
6	6	47/2	0.5	7/8	7/8	4/4	1	1	1/8	1/8	1		2	74	D5	5	46
7	7	24	1.0	0	0	4/4	4	1	1/4	1/4	1		0	48	C3	3	59
7	7	24	0.5	0	0	4/4	2	1	1/8	1/8	1		0	72	C5	5	51
7	7	49/2	0.5	1/8	1/8	4/4	2	1	1/8	1/8	1		-2	70	Bb4	4	52
7	7	25	1.0	1/4	1/4	4/4	4	1	1/4	1/4	1		-3	51	Eb3	3	60
7	7	25	0.5	1/4	1/4	4/4	2	1	1/8	1/8	1		3	69	A4	4	53
7	7	51/2	0.5	3/8	3/8	4/4	2	1	1/8	1/8	1		1	67	G4	4	54
7	7	26	1.0	1/2	1/2	4/4	4	1	1/4	1/4	1		2	50	D3	3	61
7	7	26	0.5	1/2	1/2	4/4	2	1	1/8	1/8	1		6	66	F#4	4	55
7	7	53/2	0.25	5/8	5/8	4/4	2	1	1/16	1/16	1		1	67	G4	4	56
7	7	107/4	0.25	11/16	11/16	4/4	2	1	1/16	1/16	1		3	69	A4	4	57
7	7	27	1.0	3/4	3/4	4/4	4	1	1/4	1/4	1		-2	46	Bb2	2	62
7	7	27	1.0	3/4	3/4	4/4	2	1	1/4	1/4	1	1	1	67	G4	4	58
8	8	28	1.0	0	0	4/4	4	1	1/4	1/4	1		0	48	C3	3	72
8	8	28	1.0	0	0	4/4	2	1	1/4	1/4	1	-1	1	67	G4	4	67
8	8	29	1.0	1/4	1/4	4/4	4	1	1/4	1/4	1		2	50	D3	3	73
8	8	29	1.0	1/4	1/4	4/4	2	1	1/4	1/4	1		6	66	F#4	4	68
8	8	29	1.0	1/4	1/4	4/4	1	1	1/4	1/4	1		2	74	D5	5	63
8	8	30	2.0	1/2	1/2	4/4	4	1	1/2	1/2	1	1	1	43	G2	2	74
8	8	30	0.5	1/2	1/2	4/4	2	1	1/8	1/8	1		1	67	G4	4	69
8	8	30	1.0	1/2	1/2	4/4	1	1	1/4	1/4	1		-2	70	Bb4	4	64
8	8	61/2	0.5	5/8	5/8	4/4	2	1	1/8	1/8	1		2	74	D5	5	70
8	8	31	0.5	3/4	3/4	4/4	1	1	1/8	1/8	1		1	67	G4	4	65
8	8	31	1.0	3/4	3/4	4/4	2	1	1/4	1/4	1		-2	70	Bb4	4	71
8	8	63/2	0.5	7/8	7/8	4/4	1	1	1/8	1/8	1		2	74	D5	5	66
9	9	32	1.0	0	0	4/4	4	1	1/4	1/4	1	-1	1	43	G2	2	86
9	9	32	0.5	0	0	4/4	2	1	1/8	1/8	1		1	67	G4	4	78
9	9	32	1.0	0	0	4/4	1	1	1/4	1/4	1		-2	70	Bb4	4	75
9	9	65/2	0.5	1/8	1/8	4/4	2	1	1/8	1/8	1		2	74	D5	5	79
9	9	33	1.0	1/4	1/4	4/4	3	1	1/4	1/4	1		1	55	G3	3	83
9	9	33	1.0	1/4	1/4	4/4	4	1	1/4	1/4	1		1	55	G3	3	87
9	9	33	1.0	1/4	1/4	4/4	1	1	1/4	1/4	1		1	67	G4	4	76
9	9	33	1.0	1/4	1/4	4/4	2	1	1/4	1/4	1		-2	70	Bb4	4	80
9	9	34	1.0	1/2	1/2	4/4	3	1	1/4	1/4	1		-3	51	Eb3	3	84
9	9	34	1.0	1/2	1/2	4/4	4	1	1/4	1/4	1		-3	51	Eb3	3	88
9	9	34	1.0	1/2	1/2	4/4	2	1	1/4	1/4	1		1	67	G4	4	81
9	9	34	2.0	1/2	1/2	4/4	1	1	1/2	1/2	1		-3	75	Eb5	5	77
9	9	35	1.0	3/4	3/4	4/4	3	1	1/4	1/4	1		0	48	C3	3	85
9	9	35	1.0	3/4	3/4	4/4	4	1	1/4	1/4	1		0	48	C3	3	89
9	9	35	1.0	3/4	3/4	4/4	2	1	1/4	1/4	1	1	0	72	C5	5	82
10	10	36	1.0	0	0	4/4	3	1	1/4	1/4	1		1	55	G3	3	97
10	10	36	1.0	0	0	4/4	4	1	1/4	1/4	1		1	55	G3	3	101
10	10	36	1.0	0	0	4/4	2	1	1/4	1/4	1	-1	0	72	C5	5	93
10	10	36	2.0	0	0	4/4	1	1	1/2	1/2	1		2	74	D5	5	90
10	10	37	1.0	1/4	1/4	4/4	3	1	1/4	1/4	1		-2	58	Bb3	3	98
10	10	37	1.0	1/4	1/4	4/4	4	1	1/4	1/4	1		-2	58	Bb3	3	102
10	10	37	1.0	1/4	1/4	4/4	2	1	1/4	1/4	1		-2	70	Bb4	4	94
10	10	38	1.0	1/2	1/2	4/4	4	1	1/4	1/4	1	1	-1	53	F3	3	103
10	10	38	1.5	1/2	1/2	4/4	3	1	3/8	1/4	3/2		-1	53	F3	3	99
10	10	38	1.5	1/2	1/2	4/4	2	1	3/8	1/4	3/2		-2	70	Bb4	4	95
10	10	38	1.5	1/2	1/2	4/4	1	1	3/8	1/4	3/2		0	72	C5	5	91
10	10	39	1.0	3/4	3/4	4/4	4	1	1/4	1/4	1	-1	-1	53	F3	3	104
10	10	79/2	0.5	7/8	7/8	4/4	3	1	1/8	1/8	1		-1	53	F3	3	100
10	10	79/2	0.5	7/8	7/8	4/4	2	1	1/8	1/8	1		3	69	A4	4	96
10	10	79/2	0.5	7/8	7/8	4/4	1	1	1/8	1/8	1		0	72	C5	5	92
11	11	40	1.0	0	0	4/4	3	1	1/4	1/4	1		-2	46	Bb2	2	112
11	11	40	1.0	0	0	4/4	4	1	1/4	1/4	1		-2	46	Bb2	2	118
11	11	40	1.0	0	0	4/4	1	1	1/4	1/4	1		-2	70	Bb4	4	105
11	11	40	1.0	0	0	4/4	2	1	1/4	1/4	1		-2	70	Bb4	4	111
11	11	41	1.0	1/4	1/4	4/4	3	1	1/4	1/4	1		-2	58	Bb3	3	113
11	11	41	1.0	1/4	1/4	4/4	4	1	1/4	1/4	1		-2	58	Bb3	3	119
11	11	41	1.0	1/4	1/4	4/4	1	1	1/4	1/4	1		2	74	D5	5	106
11	11	42	0.5	1/2	1/2	4/4	3	1	1/8	1/8	1		3	57	A3	3	114
11	11	42	0.5	1/2	1/2	4/4	4	1	1/8	1/8	1		3	57	A3	3	120
11	11	42	0.5	1/2	1/2	4/4	1	1	1/8	1/8	1		0	72	C5	5	107
11	11	85/2	0.5	5/8	5/8	4/4	3	1	1/8	1/8	1		1	55	G3	3	115
11	11	85/2	0.5	5/8	5/8	4/4	4	1	1/8	1/8	1		1	55	G3	3	121
11	11	85/2	0.5	5/8	5/8	4/4	1	1	1/8	1/8	1		-2	70	Bb4	4	108
11	11	43	0.5	3/4	3/4	4/4	3	1	1/8	1/8	1		-1	53	F3	3	116
11	11	43	0.5	3/4	3/4	4/4	4	1	1/8	1/8	1		-1	53	F3	3	122
11	11	43	0.5	3/4	3/4	4/4	1	1	1/8	1/8	1		3	69	A4	4	109
11	11	87/2	0.5	7/8	7/8	4/4	3	1	1/8	1/8	1		4	52	E3	3	117
11	11	87/2	0.5	7/8	7/8	4/4	4	1	1/8	1/8	1		4	52	E3	3	123
11	11	87/2	0.5	7/8	7/8	4/4	1	1	1/8	1/8	1		1	67	G4	4	110
12	12	44	1.0	0	0	4/4	3	1	1/4	1/4	1		2	50	D3	3	133
12	12	44	2.0	0	0	4/4	4	1	1/2	1/2	1		2	50	D3	3	137
12	12	44	1.0	0	0	4/4	1	1	1/4	1/4	1		-1	65	F4	4	124
12	12	45	1.0	1/4	1/4	4/4	3	1	1/4	1/4	1		2	50	D3	3	134
12	12	45	1.0	1/4	1/4	4/4	1	1	1/4	1/4	1		-1	65	F4	4	125
12	12	45	1.0	1/4	1/4	4/4	2	1	1/4	1/4	1		3	69	A4	4	128
12	12	46	1.0	1/2	1/2	4/4	3	1	1/4	1/4	1		1	43	G2	2	135
12	12	46	1.0	1/2	1/2	4/4	4	1	1/4	1/4	1		1	43	G2	2	138
12	12	46	1.0	1/2	1/2	4/4	1	1	1/4	1/4	1		4	64	E4	4	126
12	12	46	0.5	1/2	1/2	4/4	2	1	1/8	1/8	1		1	67	G4	4	129
12	12	93/2	0.5	5/8	5/8	4/4	2	1	1/8	1/8	1		-1	65	F4	4	130
12	12	47	1.0	3/4	3/4	4/4	3	1	1/4	1/4	1		-2	46	Bb2	2	136
12	12	47	1.0	3/4	3/4	4/4	4	1	1/4	1/4	1		-2	46	Bb2	2	139
12	12	47	1.0	3/4	3/4	4/4	1	1	1/4	1/4	1		2	62	D4	4	127
12	12	47	0.5	3/4	3/4	4/4	2	1	1/8	1/8	1		4	64	E4	4	131
12	12	95/2	0.5	7/8	7/8	4/4	2	1	1/8	1/8	1		2	62	D4	4	132
13	13	48	1.0	0	0	4/4	4	1	1/4	1/4	1	1	3	45	A2	2	152
13	13	48	2.0	0	0	4/4	3	1	1/2	1/2	1		3	45	A2	2	150
13	13	48	1.0	0	0	4/4	1	1	1/4	1/4	1		2	62	D4	4	140
13	13	48	1.0	0	0	4/4	2	1	1/4	1/4	1		4	64	E4	4	144
13	13	49	1.0	1/4	1/4	4/4	4	1	1/4	1/4	1	-1	3	45	A2	2	153
13	13	49	1.0	1/4	1/4	4/4	1	1	1/4	1/4	1		7	61	C#4	4	141
13	13	49	1.0	1/4	1/4	4/4	2	1	1/4	1/4	1		4	64	E4	4	145
13	13	50	1.0	1/2	1/2	4/4	4	1	1/4	1/4	1		2	50	D3	3	154
13	13	50	2.0	1/2	1/2	4/4	3	1	1/2	1/2	1		2	50	D3	3	151
13	13	50	0.5	1/2	1/2	4/4	2	1	1/8	1/8	1		2	62	D4	4	146
13	13	50	1.0	1/2	1/2	4/4	1	1	1/4	1/4	1		2	62	D4	4	142
13	13	101/2	0.5	5/8	5/8	4/4	2	1	1/8	1/8	1		4	64	E4	4	147
13	13	51	1.0	3/4	3/4	4/4	4	1	1/4	1/4	1		-2	46	Bb2	2	155
13	13	51	0.5	3/4	3/4	4/4	2	1	1/8	1/8	1		-1	65	F4	4	148
13	13	103/2	0.5	7/8	7/8	4/4	2	1	1/8	1/8	1		1	67	G4	4	149
13	13	103/2	0.5	7/8	7/8	4/4	1	1	1/8	1/8	1		2	74	D5	5	143
14	14	52	1.0	0	0	4/4	4	1	1/4	1/4	1		0	48	C3	3	165
14	14	52	0.75	0	0	4/4	2	1	3/16	1/8	3/2		4	64	E4	4	161
14	14	52	0.5	0	0	4/4	1	1	1/8	1/8	1		0	72	C5	5	156
14	14	105/2	0.5	1/8	1/8	4/4	1	1	1/8	1/8	1		-2	70	Bb4	4	157
14	14	211/4	0.25	3/16	3/16	4/4	2	1	1/16	1/16	1		-1	65	F4	4	162
14	14	53	1.0	1/4	1/4	4/4	4	1	1/4	1/4	1		-3	51	Eb3	3	166
14	14	53	2.0	1/4	1/4	4/4	2	1	1/2	1/2	1		1	67	G4	4	163
14	14	53	0.5	1/4	1/4	4/4	1	1	1/8	1/8	1		3	69	A4	4	158
14	14	107/2	0.5	3/8	3/8	4/4	1	1	1/8	1/8	1		1	67	G4	4	159
14	14	54	1.0	1/2	1/2	4/4	4	1	1/4	1/4	1	1	2	50	D3	3	167
14	14	54	2.0	1/2	1/2	4/4	1	1	1/2	1/2	1		3	69	A4	4	160
14	14	55	1.0	3/4	3/4	4/4	4	1	1/4	1/4	1	-1	2	50	D3	3	168
14	14	55	1.0	3/4	3/4	4/4	2	1	1/4	1/4	1		6	66	F#4	4	164
15	15	56	2.0	0	0	4/4	4	1	1/2	1/2	1		1	43	G2	2	177
15	15	56	2.0	0	0	4/4	1	1	1/2	1/2	1		1	67	G4	4	169
15	15	56	2.0	0	0	4/4	2	1	1/2	1/2	1		1	67	G4	4	170
15	15	113/2	0.5	1/8	1/8	4/4	3	1	1/8	1/8	1		1	55	G3	3	172
15	15	57	0.5	1/4	1/4	4/4	3	1	1/8	1/8	1		1	55	G3	3	173
15	15	115/2	0.5	3/8	3/8	4/4	3	1	1/8	1/8	1		1	55	G3	3	174
15	15	58	1.0	1/2	1/2	4/4	3	1	1/4	1/4	1		1	55	G3	3	175
15	15	58	1.0	1/2	1/2	4/4	4	1	1/4	1/4	1		1	55	G3	3	178
15	15	59	1.0	3/4	3/4	4/4	3	1	1/4	1/4	1		2	50	D3	3	176
15	15	59	1.0	3/4	3/4	4/4	4	1	1/4	1/4	1		2	50	D3	3	179
15	15	119/2	0.5	7/8	7/8	4/4	2	1	1/8	1/8	1		2	74	D5	5	171
16	16	60	1.0	0	0	4/4	3	1	1/4	1/4	1		1	43	G2	2	191
16	16	60	2.0	0	0	4/4	4	1	1/2	1/2	1		1	43	G2	2	193
16	16	60	1.0	0	0	4/4	2	1	1/4	1/4	1		-2	70	Bb4	4	186
16	16	121/2	0.5	1/8	1/8	4/4	1	1	1/8	1/8	1		2	74	D5	5	180
16	16	61	1.0	1/4	1/4	4/4	3	1	1/4	1/4	1		1	43	G2	2	192
16	16	61	0.5	1/4	1/4	4/4	2	1	1/8	1/8	1		1	67	G4	4	187
16	16	61	1.0	1/4	1/4	4/4	1	1	1/4	1/4	1		-2	70	Bb4	4	181
16	16	123/2	0.5	3/8	3/8	4/4	2	1	1/8	1/8	1		2	74	D5	5	188
16	16	62	2.0	1/2	1/2	4/4	4	1	1/2	1/2	1		1	43	G2	2	194
16	16	62	0.5	1/2	1/2	4/4	1	1	1/8	1/8	1		1	67	G4	4	182
16	16	62	1.0	1/2	1/2	4/4	2	1	1/4	1/4	1		-2	70	Bb4	4	189
16	16	125/2	0.5	5/8	5/8	4/4	1	1	1/8	1/8	1		2	74	D5	5	183
16	16	63	1.0	3/4	3/4	4/4	2	1	1/4	1/4	1		1	67	G4	4	190
16	16	63	0.5	3/4	3/4	4/4	1	1	1/8	1/8	1		-2	70	Bb4	4	184
16	16	127/2	0.5	7/8	7/8	4/4	1	1	1/8	1/8	1		1	67	G4	4	185
17	17	64	2.0	0	0	4/4	4	1	1/2	1/2	1		-2	58	Bb3	3	205
17	17	64	1.0	0	0	4/4	1	1	1/4	1/4	1		-2	70	Bb4	4	195
17	17	64	1.0	0	0	4/4	2	1	1/4	1/4	1		2	74	D5	5	198
17	17	129/2	0.5	1/8	1/8	4/4	3	1	1/8	1/8	1		-2	58	Bb3	3	200
17	17	65	0.5	1/4	1/4	4/4	3	1	1/8	1/8	1		-2	58	Bb3	3	201
17	17	65	1.0	1/4	1/4	4/4	1	1	1/4	1/4	1		-2	70	Bb4	4	196
17	17	65	1.0	1/4	1/4	4/4	2	1	1/4	1/4	1		2	74	D5	5	199
17	17	131/2	0.5	3/8	3/8	4/4	3	1	1/8	1/8	1		-2	58	Bb3	3	202
17	17	66	1.0	1/2	1/2	4/4	3	1	1/4	1/4	1		-2	58	Bb3	3	203
17	17	66	1.0	1/2	1/2	4/4	4	1	1/4	1/4	1		-2	58	Bb3	3	206
17	17	67	1.0	3/4	3/4	4/4	3	1	1/4	1/4	1		-1	53	F3	3	204
17	17	67	1.0	3/4	3/4	4/4	4	1	1/4	1/4	1		-1	53	F3	3	207
17	17	135/2	0.5	7/8	7/8	4/4	1	1	1/8	1/8	1		-1	77	F5	5	197
18	18	68	1.0	0	0	4/4	3	1	1/4	1/4	1		-2	46	Bb2	2	219
18	18	68	2.0	0	0	4/4	4	1	1/2	1/2	1		-2	46	Bb2	2	221
18	18	68	1.0	0	0	4/4	1	1	1/4	1/4	1		2	74	D5	5	208
18	18	137/2	0.5	1/8	1/8	4/4	2	1	1/8	1/8	1		-1	77	F5	5	213
18	18	69	1.0	1/4	1/4	4/4	3	1	1/4	1/4	1		-2	46	Bb2	2	220
18	18	69	0.5	1/4	1/4	4/4	1	1	1/8	1/8	1		-2	70	Bb4	4	209
18	18	69	1.0	1/4	1/4	4/4	2	1	1/4	1/4	1		2	74	D5	5	214
18	18	139/2	0.5	3/8	3/8	4/4	1	1	1/8	1/8	1		-1	77	F5	5	210
18	18	70	2.0	1/2	1/2	4/4	4	1	1/2	1/2	1	1	-2	46	Bb2	2	222
18	18	70	0.5	1/2	1/2	4/4	2	1	1/8	1/8	1		-2	70	Bb4	4	215
18	18	70	1.0	1/2	1/2	4/4	1	1	1/4	1/4	1		2	74	D5	5	211
18	18	141/2	0.5	5/8	5/8	4/4	2	1	1/8	1/8	1		-1	77	F5	5	216
18	18	71	1.0	3/4	3/4	4/4	1	1	1/4	1/4	1		-2	70	Bb4	4	212
18	18	71	0.5	3/4	3/4	4/4	2	1	1/8	1/8	1		2	74	D5	5	217
18	18	143/2	0.5	7/8	7/8	4/4	2	1	1/8	1/8	1		-2	70	Bb4	4	218
19	19	72	1.0	0	0	4/4	4	1	1/4	1/4	1	-1	-2	46	Bb2	2	232
19	19	72	1.0	0	0	4/4	2	1	1/4	1/4	1		2	74	D5	5	225
19	19	72	1.0	0	0	4/4	1	1	1/4	1/4	1		-1	77	F5	5	223
19	19	73	1.0	1/4	1/4	4/4	4	1	1/4	1/4	1		-2	58	Bb3	3	233
19	19	73	0.5	1/4	1/4	4/4	2	1	1/8	1/8	1		2	74	D5	5	226
19	19	73	1.0	1/4	1/4	4/4	1	1	1/4	1/4	1		-1	77	F5	5	224
19	19	147/2	0.5	3/8	3/8	4/4	2	1	1/8	1/8	1		-1	77	F5	5	227
19	19	74	1.0	1/2	1/2	4/4	4	1	1/4	1/4	1		-3	51	Eb3	3	234
19	19	74	0.5	1/2	1/2	4/4	2	1	1/8	1/8	1		-3	75	Eb5	5	228
19	19	149/2	0.5	5/8	5/8	4/4	2	1	1/8	1/8	1		2	74	D5	5	229
19	19	75	1.0	3/4	3/4	4/4	4	1	1/4	1/4	1		1	55	G3	3	235
19	19	75	0.5	3/4	3/4	4/4	2	1	1/8	1/8	1		0	72	C5	5	230
19	19	151/2	0.5	7/8	7/8	4/4	2	1	1/8	1/8	1		-2	70	Bb4	4	231
20	20	76	1.0	0	0	4/4	4	1	1/4	1/4	1		-1	53	F3	3	248
20	20	76	1.0	0	0	4/4	2	1	1/4	1/4	1		3	69	A4	4	241
20	20	77	1.0	1/4	1/4	4/4	4	1	1/4	1/4	1		-3	51	Eb3	3	249
20	20	77	1.0	1/4	1/4	4/4	2	1	1/4	1/4	1		1	67	G4	4	242
20	20	77	1.0	1/4	1/4	4/4	1	1	1/4	1/4	1		1	79	G5	5	236
20	20	78	1.0	1/2	1/2	4/4	4	1	1/4	1/4	1	1	1	55	G3	3	250
20	20	78	1.0	1/2	1/2	4/4	2	1	1/4	1/4	1		5	71	B4	4	243
20	20	78	0.5	1/2	1/2	4/4	1	1	1/8	1/8	1		-1	77	F5	5	237
20	20	157/2	0.5	5/8	5/8	4/4	3	1	1/8	1/8	1		1	55	G3	3	245
20	20	157/2	0.5	5/8	5/8	4/4	1	1	1/8	1/8	1		-3	75	Eb5	5	238
20	20	79	0.5	3/4	3/4	4/4	3	1	1/8	1/8	1		1	55	G3	3	246
20	20	79	1.0	3/4	3/4	4/4	4	1	1/4	1/4	1	-1	1	55	G3	3	251
20	20	79	1.0	3/4	3/4	4/4	2	1	1/4	1/4	1		0	72	C5	5	244
20	20	79	0.5	3/4	3/4	4/4	1	1	1/8	1/8	1		2	74	D5	5	239
20	20	159/2	0.5	7/8	7/8	4/4	3	1	1/8	1/8	1		1	55	G3	3	247
20	20	159/2	0.5	7/8	7/8	4/4	1	1	1/8	1/8	1		0	72	C5	5	240
21	21	80	1.0	0	0	4/4	4	1	1/4	1/4	1	1	1	43	G2	2	262
21	21	80	1.0	0	0	4/4	3	1	1/4	1/4	1		1	55	G3	3	257
21	21	80	1.0	0	0	4/4	2	1	1/4	1/4	1		0	72	C5	5	254
21	21	80	2.0	0	0	4/4	1	1	1/2	1/2	1		2	74	D5	5	252
21	21	81	1.0	1/4	1/4	4/4	3	1	1/4	1/4	1		1	43	G2	2	258
21	21	81	1.0	1/4	1/4	4/4	4	1	1/4	1/4	1	-1	1	43	G2	2	263
21	21	81	1.0	1/4	1/4	4/4	2	1	1/4	1/4	1		5	71	B4	4	255
21	21	82	1.0	1/2	1/2	4/4	3	1	1/4	1/4	1		0	48	C3	3	259
21	21	82	2.0	1/2	1/2	4/4	4	1	1/2	1/2	1		0	48	C3	3	264
21	21	82	2.0	1/2	1/2	4/4	1	1	1/2	1/2	1		0	72	C5	5	253
21	21	82	2.0	1/2	1/2	4/4	2	1	1/2	1/2	1		0	72	C5	5	256
21	21	83	0.5	3/4	3/4	4/4	3	1	1/8	1/8	1		0	48	C3	3	260
21	21	167/2	0.5	7/8	7/8	4/4	3	1	1/8	1/8	1		0	48	C3	3	261
22	22	84	1.0	0	0	4/4	4	1	1/4	1/4	1		5	47	B2	2	275
22	22	84	0.75	0	0	4/4	3	1	3/16	1/8	3/2		2	50	D3	3	265
22	22	339/4	0.125	3/16	3/16	4/4	3	1	1/32	1/32	1		4	52	E3	3	266
22	22	679/8	0.125	7/32	7/32	4/4	3	1	1/32	1/32	1		-1	53	F3	3	267
22	22	85	1.0	1/4	1/4	4/4	4	1	1/4	1/4	1		0	48	C3	3	276
22	22	85	0.75	1/4	1/4	4/4	3	1	3/16	1/8	3/2		4	52	E3	3	268
22	22	343/4	0.125	7/16	7/16	4/4	3	1	1/32	1/32	1		-1	53	F3	3	269
22	22	687/8	0.125	15/32	15/32	4/4	3	1	1/32	1/32	1		1	55	G3	3	270
22	22	86	1.0	1/2	1/2	4/4	4	1	1/4	1/4	1		-1	41	F2	2	277
22	22	86	0.75	1/2	1/2	4/4	3	1	3/16	1/8	3/2		-1	53	F3	3	271
22	22	347/4	0.25	11/16	11/16	4/4	3	1	1/16	1/16	1		4	52	E3	3	272
22	22	87	1.0	3/4	3/4	4/4	4	1	1/4	1/4	1		1	43	G2	2	278
22	22	87	0.5	3/4	3/4	4/4	3	1	1/8	1/8	1		2	50	D3	3	273
22	22	175/2	0.5	7/8	7/8	4/4	3	1	1/8	1/8	1		2	50	D3	3	274
23	23	88	1.0	0	0	4/4	4	1	1/4	1/4	1		0	48	C3	3	288
23	23	88	0.75	0	0	4/4	3	1	3/16	1/8	3/2		4	52	E3	3	279
23	23	355/4	0.125	3/16	3/16	4/4	3	1	1/32	1/32	1		6	54	F#3	3	280
23	23	711/8	0.125	7/32	7/32	4/4	3	1	1/32	1/32	1		1	55	G3	3	281
23	23	89	1.0	1/4	1/4	4/4	4	1	1/4	1/4	1		2	50	D3	3	289
23	23	89	0.75	1/4	1/4	4/4	3	1	3/16	1/8	3/2		6	54	F#3	3	282
23	23	359/4	0.125	7/16	7/16	4/4	3	1	1/32	1/32	1		1	55	G3	3	283
23	23	719/8	0.125	15/32	15/32	4/4	3	1	1/32	1/32	1		3	57	A3	3	284
23	23	90	1.0	1/2	1/2	4/4	4	1	1/4	1/4	1		1	43	G2	2	290
23	23	90	0.75	1/2	1/2	4/4	3	1	3/16	1/8	3/2		1	55	G3	3	285
23	23	363/4	0.25	11/16	11/16	4/4	3	1	1/16	1/16	1		-1	53	F3	3	286
23	23	91	1.0	3/4	3/4	4/4	4	1	1/4	1/4	1		0	48	C3	3	291
23	23	91	1.0	3/4	3/4	4/4	3	1	1/4	1/4	1		4	52	E3	3	287
24	24	92	1.0	0	0	4/4	4	1	1/4	1/4	1		2	50	D3	3	301
24	24	92	1.0	0	0	4/4	3	1	1/4	1/4	1		6	54	F#3	3	297
24	24	185/2	0.5	1/8	1/8	4/4	1	1	1/8	1/8	1		2	74	D5	5	292
24	24	93	1.0	1/4	1/4	4/4	4	1	1/4	1/4	1		-2	46	Bb2	2	302
24	24	93	1.0	1/4	1/4	4/4	3	1	1/4	1/4	1		1	55	G3	3	298
24	24	93	0.5	1/4	1/4	4/4	1	1	1/8	1/8	1		2	74	D5	5	293
24	24	187/2	0.5	3/8	3/8	4/4	1	1	1/8	1/8	1		2	74	D5	5	294
24	24	94	1.0	1/2	1/2	4/4	4	1	1/4	1/4	1	1	2	50	D3	3	303
24	24	94	1.0	1/2	1/2	4/4	3	1	1/4	1/4	1		1	55	G3	3	299
24	24	94	1.0	1/2	1/2	4/4	1	1	1/4	1/4	1		2	74	D5	5	295
24	24	95	1.0	3/4	3/4	4/4	4	1	1/4	1/4	1	-1	2	50	D3	3	304
24	24	95	1.0	3/4	3/4	4/4	3	1	1/4	1/4	1		6	54	F#3	3	300
24	24	95	1.0	3/4	3/4	4/4	1	1	1/4	1/4	1		3	69	A4	4	296
25	25	96	1.0	0	0	4/4	4	1	1/4	1/4	1		1	43	G2	2	315
25	25	96	2.0	0	0	4/4	3	1	1/2	1/2	1		1	55	G3	3	314
25	25	96	1.0	0	0	4/4	1	1	1/4	1/4	1		1	67	G4	4	305
25	25	97	1.0	1/4	1/4	4/4	4	1	1/4	1/4	1		1	55	G3	3	316
25	25	97	0.5	1/4	1/4	4/4	1	1	1/8	1/8	1		1	67	G4	4	306
25	25	195/2	0.5	3/8	3/8	4/4	1	1	1/8	1/8	1		1	67	G4	4	307
25	25	98	1.0	1/2	1/2	4/4	4	1	1/4	1/4	1		6	54	F#3	3	317
25	25	98	0.75	1/2	1/2	4/4	1	1	3/16	1/8	3/2		3	69	A4	4	308
25	25	395/4	0.125	11/16	11/16	4/4	1	1	1/32	1/32	1		5	71	B4	4	309
25	25	791/8	0.125	23/32	23/32	4/4	1	1	1/32	1/32	1		0	72	C5	5	310
25	25	99	1.0	3/4	3/4	4/4	4	1	1/4	1/4	1		1	55	G3	3	318
25	25	99	0.75	3/4	3/4	4/4	1	1	3/16	1/8	3/2		5	71	B4	4	311
25	25	399/4	0.125	15/16	15/16	4/4	1	1	1/32	1/32	1		0	72	C5	5	312
25	25	799/8	0.125	31/32	31/32	4/4	1	1	1/32	1/32	1		2	74	D5	5	313
26	26	100	1.0	0	0	4/4	4	1	1/4	1/4	1		0	48	C3	3	329
26	26	100	0.75	0	0	4/4	1	1	3/16	1/8	3/2		0	72	C5	5	319
26	26	403/4	0.25	3/16	3/16	4/4	1	1	1/16	1/16	1		-2	70	Bb4	4	320
26	26	101	1.0	1/4	1/4	4/4	4	1	1/4	1/4	1		2	50	D3	3	330
26	26	101	0.5	1/4	1/4	4/4	1	1	1/8	1/8	1		3	69	A4	4	321
26	26	203/2	0.5	3/8	3/8	4/4	1	1	1/8	1/8	1		3	69	A4	4	322
26	26	102	1.0	1/2	1/2	4/4	4	1	1/4	1/4	1		1	55	G3	3	331
26	26	102	0.75	1/2	1/2	4/4	1	1	3/16	1/8	3/2		5	71	B4	4	323
26	26	411/4	0.125	11/16	11/16	4/4	1	1	1/32	1/32	1		0	72	C5	5	324
26	26	823/8	0.125	23/32	23/32	4/4	1	1	1/32	1/32	1		2	74	D5	5	325
26	26	103	1.0	3/4	3/4	4/4	4	1	1/4	1/4	1		3	57	A3	3	332
26	26	103	0.75	3/4	3/4	4/4	1	1	3/16	1/8	3/2		7	73	C#5	5	326
26	26	415/4	0.125	15/16	15/16	4/4	1	1	1/32	1/32	1		2	74	D5	5	327
26	26	831/8	0.125	31/32	31/32	4/4	1	1	1/32	1/32	1		4	76	E5	5	328
27	27	104	1.0	0	0	4/4	4	1	1/4	1/4	1		2	50	D3	3	341
27	27	104	0.75	0	0	4/4	1	1	3/16	1/8	3/2		2	74	D5	5	333
27	27	419/4	0.25	3/16	3/16	4/4	1	1	1/16	1/16	1		0	72	C5	5	334
27	27	105	1.0	1/4	1/4	4/4	4	1	1/4	1/4	1		1	55	G3	3	342
27	27	105	1.0	1/4	1/4	4/4	1	1	1/4	1/4	1		5	71	B4	4	335
27	27	106	1.0	1/2	1/2	4/4	4	1	1/4	1/4	1		3	57	A3	3	343
27	27	106	1.0	1/2	1/2	4/4	1	1	1/4	1/4	1		7	73	C#5	5	336
27	27	213/2	0.5	5/8	5/8	4/4	2	1	1/8	1/8	1		3	69	A4	4	338
27	27	107	1.0	3/4	3/4	4/4	4	1	1/4	1/4	1		-1	53	F3	3	344
27	27	107	0.5	3/4	3/4	4/4	2	1	1/8	1/8	1		3	69	A4	4	339
27	27	107	1.0	3/4	3/4	4/4	1	1	1/4	1/4	1		2	74	D5	5	337
27	27	215/2	0.5	7/8	7/8	4/4	2	1	1/8	1/8	1		3	69	A4	4	340
28	28	108	1.0	0	0	4/4	4	1	1/4	1/4	1	1	3	57	A3	3	353
28	28	108	1.0	0	0	4/4	2	1	1/4	1/4	1		3	69	A4	4	348
28	28	108	1.0	0	0	4/4	1	1	1/4	1/4	1		2	74	D5	5	345
28	28	109	1.0	1/4	1/4	4/4	4	1	1/4	1/4	1	-1	3	57	A3	3	354
28	28	109	1.0	1/4	1/4	4/4	2	1	1/4	1/4	1		4	64	E4	4	349
28	28	109	1.0	1/4	1/4	4/4	1	1	1/4	1/4	1		7	73	C#5	5	346
28	28	110	1.0	1/2	1/2	4/4	4	1	1/4	1/4	1		2	50	D3	3	355
28	28	110	1.0	1/2	1/2	4/4	2	1	1/4	1/4	1		2	62	D4	4	350
28	28	110	2.0	1/2	1/2	4/4	1	1	1/2	1/2	1		2	74	D5	5	347
28	28	111	1.0	3/4	3/4	4/4	4	1	1/4	1/4	1		5	47	B2	2	356
28	28	111	0.5	3/4	3/4	4/4	2	1	1/8	1/8	1		2	62	D4	4	351
28	28	223/2	0.5	7/8	7/8	4/4	2	1	1/8	1/8	1		2	62	D4	4	352
29	29	112	1.0	0	0	4/4	4	1	1/4	1/4	1		0	48	C3	3	367
29	29	112	0.75	0	0	4/4	2	1	3/16	1/8	3/2		4	64	E4	4	357
29	29	451/4	0.125	3/16	3/16	4/4	2	1	1/32	1/32	1		6	66	F#4	4	358
29	29	903/8	0.125	7/32	7/32	4/4	2	1	1/32	1/32	1		1	67	G4	4	359
29	29	113	1.0	1/4	1/4	4/4	4	1	1/4	1/4	1		2	50	D3	3	368
29	29	113	0.75	1/4	1/4	4/4	2	1	3/16	1/8	3/2		6	66	F#4	4	360
29	29	455/4	0.125	7/16	7/16	4/4	2	1	1/32	1/32	1		1	67	G4	4	361
29	29	911/8	0.125	15/32	15/32	4/4	2	1	1/32	1/32	1		3	69	A4	4	362
29	29	114	1.0	1/2	1/2	4/4	4	1	1/4	1/4	1		-3	51	Eb3	3	369
29	29	114	0.75	1/2	1/2	4/4	2	1	3/16	1/8	3/2		1	67	G4	4	363
29	29	459/4	0.25	11/16	11/16	4/4	2	1	1/16	1/16	1		-1	65	F4	4	364
29	29	115	1.0	3/4	3/4	4/4	4	1	1/4	1/4	1		0	48	C3	3	370
29	29	115	0.5	3/4	3/4	4/4	2	1	1/8	1/8	1		4	64	E4	4	365
29	29	231/2	0.5	7/8	7/8	4/4	2	1	1/8	1/8	1		4	64	E4	4	366
30	30	116	1.0	0	0	4/4	4	1	1/4	1/4	1		2	50	D3	3	380
30	30	116	0.75	0	0	4/4	2	1	3/16	1/8	3/2		-1	65	F4	4	371
30	30	467/4	0.125	3/16	3/16	4/4	2	1	1/32	1/32	1		1	67	G4	4	372
30	30	935/8	0.125	7/32	7/32	4/4	2	1	1/32	1/32	1		3	69	A4	4	373
30	30	117	1.0	1/4	1/4	4/4	4	1	1/4	1/4	1		4	52	E3	3	381
30	30	117	0.75	1/4	1/4	4/4	2	1	3/16	1/8	3/2		1	67	G4	4	374
30	30	471/4	0.125	7/16	7/16	4/4	2	1	1/32	1/32	1		3	69	A4	4	375
30	30	943/8	0.125	15/32	15/32	4/4	2	1	1/32	1/32	1		-2	70	Bb4	4	376
30	30	118	1.0	1/2	1/2	4/4	4	1	1/4	1/4	1		-1	53	F3	3	382
30	30	118	0.75	1/2	1/2	4/4	2	1	3/16	1/8	3/2		3	69	A4	4	377
30	30	475/4	0.25	11/16	11/16	4/4	2	1	1/16	1/16	1		1	67	G4	4	378
30	30	119	1.0	3/4	3/4	4/4	4	1	1/4	1/4	1		2	50	D3	3	383
30	30	119	1.0	3/4	3/4	4/4	2	1	1/4	1/4	1		-1	65	F4	4	379
31	31	120	1.0	0	0	4/4	4	1	1/4	1/4	1		-1	53	F3	3	393
31	31	120	1.0	0	0	4/4	2	1	1/4	1/4	1		3	69	A4	4	389
31	31	241/2	0.5	1/8	1/8	4/4	1	1	1/8	1/8	1		-1	77	F5	5	384
31	31	121	1.0	1/4	1/4	4/4	4	1	1/4	1/4	1		-2	46	Bb2	2	394
31	31	121	1.0	1/4	1/4	4/4	2	1	1/4	1/4	1		-2	70	Bb4	4	390
31	31	121	0.5	1/4	1/4	4/4	1	1	1/8	1/8	1		-1	77	F5	5	385
31	31	243/2	0.5	3/8	3/8	4/4	1	1	1/8	1/8	1		-1	77	F5	5	386
31	31	122	1.0	1/2	1/2	4/4	4	1	1/4	1/4	1	1	-1	53	F3	3	395
31	31	122	1.0	1/2	1/2	4/4	2	1	1/4	1/4	1		-2	70	Bb4	4	391
31	31	122	1.0	1/2	1/2	4/4	1	1	1/4	1/4	1		-1	77	F5	5	387
31	31	123	1.0	3/4	3/4	4/4	4	1	1/4	1/4	1	-1	-1	53	F3	3	396
31	31	123	1.0	3/4	3/4	4/4	2	1	1/4	1/4	1		3	69	A4	4	392
31	31	123	1.0	3/4	3/4	4/4	1	1	1/4	1/4	1		0	72	C5	5	388
32	32	124	2.0	0	0	4/4	4	1	1/2	1/2	1		-2	46	Bb2	2	408
32	32	124	1.0	0	0	4/4	1	1	1/4	1/4	1		-2	70	Bb4	4	397
32	32	124	2.0	0	0	4/4	2	1	1/2	1/2	1		-2	70	Bb4	4	400
32	32	125	1.0	1/4	1/4	4/4	3	1	1/4	1/4	1		-2	46	Bb2	2	401
32	32	125	1.0	1/4	1/4	4/4	1	1	1/4	1/4	1		-2	70	Bb4	4	398
32	32	126	0.75	1/2	1/2	4/4	3	1	3/16	1/8	3/2		0	48	C3	3	402
32	32	126	1.0	1/2	1/2	4/4	4	1	1/4	1/4	1		0	48	C3	3	409
32	32	507/4	0.125	11/16	11/16	4/4	3	1	1/32	1/32	1		2	50	D3	3	403
32	32	1015/8	0.125	23/32	23/32	4/4	3	1	1/32	1/32	1		-3	51	Eb3	3	404
32	32	127	0.75	3/4	3/4	4/4	3	1	3/16	1/8	3/2		2	50	D3	3	405
32	32	127	1.0	3/4	3/4	4/4	4	1	1/4	1/4	1		2	50	D3	3	410
32	32	127	1.0	3/4	3/4	4/4	1	1	1/4	1/4	1		-1	65	F4	4	399
32	32	511/4	0.125	15/16	15/16	4/4	3	1	1/32	1/32	1		-3	51	Eb3	3	406
32	32	1023/8	0.125	31/32	31/32	4/4	3	1	1/32	1/32	1		-1	53	F3	3	407
33	33	128	0.75	0	0	4/4	3	1	3/16	1/8	3/2		-3	51	Eb3	3	427
33	33	128	1.0	0	0	4/4	4	1	1/4	1/4	1		-3	51	Eb3	3	430
33	33	128	0.75	0	0	4/4	1	1	3/16	1/8	3/2		1	67	G4	4	411
33	33	515/4	0.25	3/16	3/16	4/4	3	1	1/16	1/16	1		2	50	D3	3	428
33	33	515/4	0.125	3/16	3/16	4/4	1	1	1/32	1/32	1		3	69	A4	4	412
33	33	1031/8	0.125	7/32	7/32	4/4	1	1	1/32	1/32	1		-2	70	Bb4	4	413
33	33	129	1.0	1/4	1/4	4/4	3	1	1/4	1/4	1		0	48	C3	3	429
33	33	129	1.0	1/4	1/4	4/4	4	1	1/4	1/4	1		0	48	C3	3	431
33	33	129	0.75	1/4	1/4	4/4	1	1	3/16	1/8	3/2		3	69	A4	4	414
33	33	129	1.0	1/4	1/4	4/4	2	1	1/4	1/4	1		0	72	C5	5	420
33	33	519/4	0.125	7/16	7/16	4/4	1	1	1/32	1/32	1		-2	70	Bb4	4	415
33	33	1039/8	0.125	15/32	15/32	4/4	1	1	1/32	1/32	1		0	72	C5	5	416
33	33	130	1.0	1/2	1/2	4/4	4	1	1/4	1/4	1		-2	46	Bb2	2	432
33	33	130	0.75	1/2	1/2	4/4	1	1	3/16	1/8	3/2		-2	70	Bb4	4	417
33	33	130	0.75	1/2	1/2	4/4	2	1	3/16	1/8	3/2		2	74	D5	5	421
33	33	523/4	0.25	11/16	11/16	4/4	1	1	1/16	1/16	1		3	69	A4	4	418
33	33	523/4	0.125	11/16	11/16	4/4	2	1	1/32	1/32	1		4	76	E5	5	422
33	33	1047/8	0.125	23/32	23/32	4/4	2	1	1/32	1/32	1		-1	77	F5	5	423
33	33	131	1.0	3/4	3/4	4/4	4	1	1/4	1/4	1		0	48	C3	3	433
33	33	131	1.0	3/4	3/4	4/4	1	1	1/4	1/4	1		1	67	G4	4	419
33	33	131	0.75	3/4	3/4	4/4	2	1	3/16	1/8	3/2		4	76	E5	5	424
33	33	527/4	0.125	15/16	15/16	4/4	2	1	1/32	1/32	1		-1	77	F5	5	425
33	33	1055/8	0.125	31/32	31/32	4/4	2	1	1/32	1/32	1		1	79	G5	5	426
34	34	132	1.0	0	0	4/4	4	1	1/4	1/4	1		2	50	D3	3	439
34	34	132	0.75	0	0	4/4	2	1	3/16	1/8	3/2		-1	77	F5	5	434
34	34	531/4	0.25	3/16	3/16	4/4	2	1	1/16	1/16	1		4	76	E5	5	435
34	34	133	1.0	1/4	1/4	4/4	4	1	1/4	1/4	1		-2	46	Bb2	2	440
34	34	133	1.0	1/4	1/4	4/4	2	1	1/4	1/4	1		2	74	D5	5	436
34	34	134	1.0	1/2	1/2	4/4	4	1	1/4	1/4	1		3	45	A2	2	441
34	34	134	1.0	1/2	1/2	4/4	2	1	1/4	1/4	1		0	72	C5	5	437
34	34	135	1.0	3/4	3/4	4/4	4	1	1/4	1/4	1		1	43	G2	2	442
34	34	135	1.0	3/4	3/4	4/4	2	1	1/4	1/4	1		-2	70	Bb4	4	438
35	35	136	1.0	0	0	4/4	4	1	1/4	1/4	1		-1	41	F2	2	452
35	35	136	1.0	0	0	4/4	3	1	1/4	1/4	1		-1	53	F3	3	449
35	35	136	1.0	0	0	4/4	2	1	1/4	1/4	1		3	69	A4	4	446
35	35	136	1.0	0	0	4/4	1	1	1/4	1/4	1		0	72	C5	5	443
35	35	137	1.0	1/4	1/4	4/4	4	1	1/4	1/4	1		1	43	G2	2	453
35	35	137	1.0	1/4	1/4	4/4	3	1	1/4	1/4	1		-2	46	Bb2	2	450
35	35	137	2.0	1/4	1/4	4/4	2	1	1/2	1/2	1		1	67	G4	4	447
35	35	137	1.0	1/4	1/4	4/4	1	1	1/4	1/4	1		-2	70	Bb4	4	444
35	35	138	1.0	1/2	1/2	4/4	4	1	1/4	1/4	1	1	2	50	D3	3	454
35	35	138	2.0	1/2	1/2	4/4	3	1	1/2	1/2	1		2	50	D3	3	451
35	35	138	2.0	1/2	1/2	4/4	1	1	1/2	1/2	1		3	69	A4	4	445
35	35	139	1.0	3/4	3/4	4/4	4	1	1/4	1/4	1	-1	2	50	D3	3	455
35	35	139	1.0	3/4	3/4	4/4	2	1	1/4	1/4	1		6	66	F#4	4	448
36	36	140	0.5	0	0	4/4	3	1	1/8	1/8	1		1	43	G2	2	458
36	36	140	2.0	0	0	4/4	4	1	1/2	1/2	1		1	43	G2	2	464
36	36	140	2.0	0	0	4/4	1	1	1/2	1/2	1		1	67	G4	4	456
36	36	140	2.0	0	0	4/4	2	1	1/2	1/2	1		1	67	G4	4	457
36	36	281/2	0.5	1/8	1/8	4/4	3	1	1/8	1/8	1		1	55	G3	3	459
36	36	141	0.5	1/4	1/4	4/4	3	1	1/8	1/8	1		1	55	G3	3	460
36	36	283/2	0.5	3/8	3/8	4/4	3	1	1/8	1/8	1		1	55	G3	3	461
36	36	142	1.0	1/2	1/2	4/4	3	1	1/4	1/4	1		1	55	G3	3	462
36	36	142	1.0	1/2	1/2	4/4	4	1	1/4	1/4	1		1	55	G3	3	465
36	36	143	1.0	3/4	3/4	4/4	3	1	1/4	1/4	1		2	50	D3	3	463
36	36	143	1.0	3/4	3/4	4/4	4	1	1/4	1/4	1		2	50	D3	3	466
37	37	144	1.0	0	0	4/4	3	1	1/4	1/4	1		1	43	G2	2	477
37	37	144	2.0	0	0	4/4	4	1	1/2	1/2	1		1	43	G2	2	479
37	37	289/2	0.5	1/8	1/8	4/4	2	1	1/8	1/8	1		-2	70	Bb4	4	472
37	37	289/2	0.5	1/8	1/8	4/4	1	1	1/8	1/8	1		2	74	D5	5	467
37	37	145	1.0	1/4	1/4	4/4	3	1	1/4	1/4	1		1	43	G2	2	478
37	37	145	0.5	1/4	1/4	4/4	2	1	1/8	1/8	1		-2	70	Bb4	4	473
37	37	145	0.5	1/4	1/4	4/4	1	1	1/8	1/8	1		2	74	D5	5	468
37	37	291/2	0.5	3/8	3/8	4/4	2	1	1/8	1/8	1		-2	70	Bb4	4	474
37	37	291/2	0.5	3/8	3/8	4/4	1	1	1/8	1/8	1		2	74	D5	5	469
37	37	146	1.0	1/2	1/2	4/4	4	1	1/4	1/4	1		-2	46	Bb2	2	480
37	37	146	1.0	1/2	1/2	4/4	2	1	1/4	1/4	1		-2	70	Bb4	4	475
37	37	146	1.0	1/2	1/2	4/4	1	1	1/4	1/4	1		2	74	D5	5	470
37	37	147	1.0	3/4	3/4	4/4	4	1	1/4	1/4	1		2	50	D3	3	481
37	37	147	1.0	3/4	3/4	4/4	2	1	1/4	1/4	1		6	66	F#4	4	476
37	37	147	1.0	3/4	3/4	4/4	1	1	1/4	1/4	1		3	69	A4	4	471
38	38	148	1.0	0	0	4/4	4	1	1/4	1/4	1		1	43	G2	2	494
38	38	148	1.0	0	0	4/4	1	1	1/4	1/4	1		1	67	G4	4	482
38	38	148	1.0	0	0	4/4	2	1	1/4	1/4	1		1	67	G4	4	484
38	38	149	1.0	1/4	1/4	4/4	3	1	1/4	1/4	1		1	43	G2	2	487
38	38	149	1.0	1/4	1/4	4/4	4	1	1/4	1/4	1		1	43	G2	2	495
38	38	149	1.0	1/4	1/4	4/4	1	1	1/4	1/4	1		1	67	G4	4	483
38	38	149	1.0	1/4	1/4	4/4	2	1	1/4	1/4	1		1	67	G4	4	485
38	38	150	0.75	1/2	1/2	4/4	3	1	3/16	1/8	3/2		0	48	C3	3	488
38	38	150	1.0	1/2	1/2	4/4	4	1	1/4	1/4	1		0	48	C3	3	496
38	38	603/4	0.125	11/16	11/16	4/4	3	1	1/32	1/32	1		2	50	D3	3	489
38	38	1207/8	0.125	23/32	23/32	4/4	3	1	1/32	1/32	1		-3	51	Eb3	3	490
38	38	151	0.75	3/4	3/4	4/4	3	1	3/16	1/8	3/2		2	50	D3	3	491
38	38	151	1.0	3/4	3/4	4/4	4	1	1/4	1/4	1		2	50	D3	3	497
38	38	151	1.0	3/4	3/4	4/4	2	1	1/4	1/4	1		-1	65	F4	4	486
38	38	607/4	0.125	15/16	15/16	4/4	3	1	1/32	1/32	1		-3	51	Eb3	3	492
38	38	1215/8	0.125	31/32	31/32	4/4	3	1	1/32	1/32	1		-1	53	F3	3	493
39	39	152	0.75	0	0	4/4	3	1	3/16	1/8	3/2		-3	51	Eb3	3	514
39	39	152	1.0	0	0	4/4	4	1	1/4	1/4	1		-3	51	Eb3	3	517
39	39	152	0.75	0	0	4/4	2	1	3/16	1/8	3/2		1	67	G4	4	505
39	39	611/4	0.25	3/16	3/16	4/4	3	1	1/16	1/16	1		2	50	D3	3	515
39	39	611/4	0.125	3/16	3/16	4/4	2	1	1/32	1/32	1		3	69	A4	4	506
39	39	1223/8	0.125	7/32	7/32	4/4	2	1	1/32	1/32	1		-2	70	Bb4	4	507
39	39	153	1.0	1/4	1/4	4/4	3	1	1/4	1/4	1		0	48	C3	3	516
39	39	153	1.0	1/4	1/4	4/4	4	1	1/4	1/4	1		0	48	C3	3	518
39	39	153	0.75	1/4	1/4	4/4	2	1	3/16	1/8	3/2		3	69	A4	4	508
39	39	153	1.0	1/4	1/4	4/4	1	1	1/4	1/4	1		0	72	C5	5	498
39	39	615/4	0.125	7/16	7/16	4/4	2	1	1/32	1/32	1		-2	70	Bb4	4	509
39	39	1231/8	0.125	15/32	15/32	4/4	2	1	1/32	1/32	1		0	72	C5	5	510
39	39	154	1.0	1/2	1/2	4/4	4	1	1/4	1/4	1		-2	46	Bb2	2	519
39	39	154	0.75	1/2	1/2	4/4	2	1	3/16	1/8	3/2		-2	70	Bb4	4	511
39	39	154	0.75	1/2	1/2	4/4	1	1	3/16	1/8	3/2		2	74	D5	5	499
39	39	619/4	0.25	11/16	11/16	4/4	2	1	1/16	1/16	1		3	69	A4	4	512
39	39	619/4	0.125	11/16	11/16	4/4	1	1	1/32	1/32	1		4	76	E5	5	500
39	39	1239/8	0.125	23/32	23/32	4/4	1	1	1/32	1/32	1		-1	77	F5	5	501
39	39	155	1.0	3/4	3/4	4/4	4	1	1/4	1/4	1		0	48	C3	3	520
39	39	155	1.0	3/4	3/4	4/4	2	1	1/4	1/4	1		1	67	G4	4	513
39	39	155	0.75	3/4	3/4	4/4	1	1	3/16	1/8	3/2		4	76	E5	5	502
39	39	623/4	0.125	15/16	15/16	4/4	1	1	1/32	1/32	1		-1	77	F5	5	503
39	39	1247/8	0.125	31/32	31/32	4/4	1	1	1/32	1/32	1		1	79	G5	5	504
40	40	156	1.0	0	0	4/4	4	1	1/4	1/4	1		2	50	D3	3	526
40	40	156	0.75	0	0	4/4	1	1	3/16	1/8	3/2		-1	77	F5	5	521
40	40	627/4	0.25	3/16	3/16	4/4	1	1	1/16	1/16	1		4	76	E5	5	522
40	40	157	1.0	1/4	1/4	4/4	4	1	1/4	1/4	1		-2	46	Bb2	2	527
40	40	157	1.0	1/4	1/4	4/4	1	1	1/4	1/4	1		2	74	D5	5	523
40	40	158	1.0	1/2	1/2	4/4	4	1	1/4	1/4	1		3	45	A2	2	528
40	40	158	1.0	1/2	1/2	4/4	1	1	1/4	1/4	1		0	72	C5	5	524
40	40	159	1.0	3/4	3/4	4/4	4	1	1/4	1/4	1		1	43	G2	2	529
40	40	159	1.0	3/4	3/4	4/4	1	1	1/4	1/4	1		-2	70	Bb4	4	525
41	41	160	1.0	0	0	4/4	4	1	1/4	1/4	1		-1	41	F2	2	539
41	41	160	1.0	0	0	4/4	3	1	1/4	1/4	1		-1	53	F3	3	536
41	41	160	1.0	0	0	4/4	1	1	1/4	1/4	1		3	69	A4	4	530
41	41	160	1.0	0	0	4/4	2	1	1/4	1/4	1		0	72	C5	5	533
41	41	161	1.0	1/4	1/4	4/4	4	1	1/4	1/4	1		1	43	G2	2	540
41	41	161	1.0	1/4	1/4	4/4	3	1	1/4	1/4	1		-2	46	Bb2	2	537
41	41	161	2.0	1/4	1/4	4/4	1	1	1/2	1/2	1		1	67	G4	4	531
41	41	161	1.0	1/4	1/4	4/4	2	1	1/4	1/4	1		-2	70	Bb4	4	534
41	41	162	1.0	1/2	1/2	4/4	4	1	1/4	1/4	1	1	2	50	D3	3	541
41	41	162	2.0	1/2	1/2	4/4	3	1	1/2	1/2	1		2	50	D3	3	538
41	41	162	2.0	1/2	1/2	4/4	2	1	1/2	1/2	1		3	69	A4	4	535
41	41	163	1.0	3/4	3/4	4/4	4	1	1/4	1/4	1	-1	2	50	D3	3	542
41	41	163	1.0	3/4	3/4	4/4	1	1	1/4	1/4	1		6	66	F#4	4	532
42	42	164	2.0	0	0	4/4	3	1	1/2	1/2	1		1	43	G2	2	545
42	42	164	2.0	0	0	4/4	4	1	1/2	1/2	1		1	43	G2	2	547
42	42	164	4.0	0	0	4/4	1	1	1	1	1		1	67	G4	4	543
42	42	164	4.0	0	0	4/4	2	1	1	1	1		1	67	G4	4	544
42	42	166	2.0	1/2	1/2	4/4	4	1	1/2	1/2	1		1	55	G3	3	548
42	42	167	1.0	3/4	3/4	4/4	3	1	1/4	1/4	1		1	55	G3	3	546
43	43	168	1.0	0	0	4/4	3	1	1/4	1/4	1		6	54	F#3	3	549
43	43	168	1.0	0	0	4/4	4	1	1/4	1/4	1		6	54	F#3	3	554
43	43	169	0.5	1/4	1/4	4/4	3	1	1/8	1/8	1		2	50	D3	3	550
43	43	169	0.5	1/4	1/4	4/4	4	1	1/8	1/8	1		2	50	D3	3	555
43	43	339/2	0.5	3/8	3/8	4/4	3	1	1/8	1/8	1		1	55	G3	3	551
43	43	339/2	0.5	3/8	3/8	4/4	4	1	1/8	1/8	1		1	55	G3	3	556
43	43	170	1.0	1/2	1/2	4/4	3	1	1/4	1/4	1		6	54	F#3	3	552
43	43	170	1.0	1/2	1/2	4/4	4	1	1/4	1/4	1		6	54	F#3	3	557
43	43	171	1.0	3/4	3/4	4/4	3	1	1/4	1/4	1		2	50	D3	3	553
43	43	171	1.0	3/4	3/4	4/4	4	1	1/4	1/4	1		2	50	D3	3	558
44	44	172	2.0	0	0	4/4	3	1	1/2	1/2	1		-2	58	Bb3	3	559
44	44	172	2.0	0	0	4/4	4	1	1/2	1/2	1		-2	58	Bb3	3	561
44	44	174	2.0	1/2	1/2	4/4	3	1	1/2	1/2	1		3	57	A3	3	560
44	44	174	2.0	1/2	1/2	4/4	4	1	1/2	1/2	1		3	57	A3	3	562
45	45	176	1.5	0	0	4/4	3	1	3/8	1/4	3/2		1	55	G3	3	563
45	45	176	2.0	0	0	4/4	4	1	1/2	1/2	1		1	55	G3	3	567
45	45	355/2	0.5	3/8	3/8	4/4	3	1	1/8	1/8	1		1	55	G3	3	564
45	45	178	1.0	1/2	1/2	4/4	3	1	1/4	1/4	1		-1	53	F3	3	565
45	45	178	1.0	1/2	1/2	4/4	4	1	1/4	1/4	1		-1	53	F3	3	568
45	45	179	1.0	3/4	3/4	4/4	3	1	1/4	1/4	1		-1	53	F3	3	566
45	45	179	1.0	3/4	3/4	4/4	4	1	1/4	1/4	1		-1	53	F3	3	569
46	46	180	0.5	0	0	4/4	3	1	1/8	1/8	1		1	55	G3	3	570
46	46	180	0.5	0	0	4/4	4	1	1/8	1/8	1		1	55	G3	3	578
46	46	361/2	0.5	1/8	1/8	4/4	3	1	1/8	1/8	1		3	57	A3	3	571
46	46	361/2	0.5	1/8	1/8	4/4	4	1	1/8	1/8	1		3	57	A3	3	579
46	46	181	0.5	1/4	1/4	4/4	3	1	1/8	1/8	1		-2	58	Bb3	3	572
46	46	181	0.5	1/4	1/4	4/4	4	1	1/8	1/8	1		-2	58	Bb3	3	580
46	46	363/2	0.5	3/8	3/8	4/4	3	1	1/8	1/8	1		1	55	G3	3	573
46	46	363/2	0.5	3/8	3/8	4/4	4	1	1/8	1/8	1		1	55	G3	3	581
46	46	182	0.75	1/2	1/2	4/4	3	1	3/16	1/8	3/2		3	57	A3	3	574
46	46	182	1.0	1/2	1/2	4/4	4	1	1/4	1/4	1	1	3	57	A3	3	582
46	46	731/4	0.25	11/16	11/16	4/4	3	1	1/16	1/16	1		4	52	E3	3	575
46	46	183	0.75	3/4	3/4	4/4	3	1	3/16	1/8	3/2		-1	53	F3	3	576
46	46	183	1.0	3/4	3/4	4/4	4	1	1/4	1/4	1	0	3	57	A3	3	583
46	46	735/4	0.25	15/16	15/16	4/4	3	1	1/16	1/16	1		2	50	D3	3	577
47	47	184	1.0	0	0	4/4	4	1	1/4	1/4	1	0	3	57	A3	3	590
47	47	184	2.0	0	0	4/4	3	1	1/2	1/2	1		3	57	A3	3	588
47	47	185	1.0	1/4	1/4	4/4	4	1	1/4	1/4	1	-1	3	57	A3	3	591
47	47	185	1.0	1/4	1/4	4/4	2	1	1/4	1/4	1		3	69	A4	4	584
47	47	186	2.0	1/2	1/2	4/4	3	1	1/2	1/2	1		2	50	D3	3	589
47	47	186	2.0	1/2	1/2	4/4	4	1	1/2	1/2	1		2	50	D3	3	592
47	47	186	1.0	1/2	1/2	4/4	2	1	1/4	1/4	1		-1	65	F4	4	585
47	47	187	0.5	3/4	3/4	4/4	2	1	1/8	1/8	1		2	62	D4	4	586
47	47	375/2	0.5	7/8	7/8	4/4	2	1	1/8	1/8	1		3	69	A4	4	587
48	48	188	2.0	0	0	4/4	4	1	1/2	1/2	1		2	50	D3	3	597
48	48	188	1.0	0	0	4/4	2	1	1/4	1/4	1		-1	65	F4	4	594
48	48	189	1.0	1/4	1/4	4/4	2	1	1/4	1/4	1		2	62	D4	4	595
48	48	190	2.0	1/2	1/2	4/4	4	1	1/2	1/2	1		1	43	G2	2	598
48	48	190	2.0	1/2	1/2	4/4	2	1	1/2	1/2	1		-2	70	Bb4	4	596
48	48	191	1.0	3/4	3/4	4/4	1	1	1/4	1/4	1		2	74	D5	5	593
49	49	192	3.0	0	0	4/4	4	1	3/4	1/2	3/2		1	43	G2	2	611
49	49	192	0.5	0	0	4/4	2	1	1/8	1/8	1		1	67	G4	4	604
49	49	192	1.0	0	0	4/4	1	1	1/4	1/4	1		-2	70	Bb4	4	599
49	49	385/2	0.5	1/8	1/8	4/4	2	1	1/8	1/8	1		2	74	D5	5	605
49	49	193	0.5	1/4	1/4	4/4	1	1	1/8	1/8	1		1	67	G4	4	600
49	49	193	1.0	1/4	1/4	4/4	2	1	1/4	1/4	1		-2	70	Bb4	4	606
49	49	387/2	0.5	3/8	3/8	4/4	1	1	1/8	1/8	1		2	74	D5	5	601
49	49	194	0.5	1/2	1/2	4/4	2	1	1/8	1/8	1		1	67	G4	4	607
49	49	194	1.0	1/2	1/2	4/4	1	1	1/4	1/4	1		-2	70	Bb4	4	602
49	49	389/2	0.5	5/8	5/8	4/4	2	1	1/8	1/8	1		2	74	D5	5	608
49	49	195	1.0	3/4	3/4	4/4	3	1	1/4	1/4	1		1	55	G3	3	610
49	49	195	1.0	3/4	3/4	4/4	4	1	1/4	1/4	1		1	55	G3	3	612
49	49	195	1.0	3/4	3/4	4/4	1	1	1/4	1/4	1		1	67	G4	4	603
49	49	195	1.0	3/4	3/4	4/4	2	1	1/4	1/4	1		-2	70	Bb4	4	609
50	50	196	1.0	0	0	4/4	3	1	1/4	1/4	1		-3	51	Eb3	3	618
50	50	196	1.0	0	0	4/4	4	1	1/4	1/4	1		-3	51	Eb3	3	622
50	50	196	1.0	0	0	4/4	2	1	1/4	1/4	1		1	67	G4	4	615
50	50	196	2.0	0	0	4/4	1	1	1/2	1/2	1		-3	75	Eb5	5	613
50	50	197	1.0	1/4	1/4	4/4	3	1	1/4	1/4	1		0	48	C3	3	619
50	50	197	1.0	1/4	1/4	4/4	4	1	1/4	1/4	1		0	48	C3	3	623
50	50	197	2.0	1/4	1/4	4/4	2	1	1/2	1/2	1		0	72	C5	5	616
50	50	198	1.0	1/2	1/2	4/4	3	1	1/4	1/4	1		1	55	G3	3	620
50	50	198	1.0	1/2	1/2	4/4	4	1	1/4	1/4	1		1	55	G3	3	624
50	50	198	2.0	1/2	1/2	4/4	1	1	1/2	1/2	1		2	74	D5	5	614
50	50	199	1.0	3/4	3/4	4/4	3	1	1/4	1/4	1		-2	58	Bb3	3	621
50	50	199	1.0	3/4	3/4	4/4	4	1	1/4	1/4	1		-2	58	Bb3	3	625
50	50	199	1.0	3/4	3/4	4/4	2	1	1/4	1/4	1		-2	70	Bb4	4	617
51	51	200	1.0	0	0	4/4	4	1	1/4	1/4	1	1	-1	53	F3	3	637
51	51	200	1.5	0	0	4/4	3	1	3/8	1/4	3/2		-1	53	F3	3	633
51	51	200	1.5	0	0	4/4	2	1	3/8	1/4	3/2		-2	70	Bb4	4	629
51	51	200	1.5	0	0	4/4	1	1	3/8	1/4	3/2		0	72	C5	5	626
51	51	201	1.0	1/4	1/4	4/4	4	1	1/4	1/4	1	-1	-1	53	F3	3	638
51	51	403/2	0.5	3/8	3/8	4/4	3	1	1/8	1/8	1		-1	53	F3	3	634
51	51	403/2	0.5	3/8	3/8	4/4	2	1	1/8	1/8	1		3	69	A4	4	630
51	51	403/2	0.5	3/8	3/8	4/4	1	1	1/8	1/8	1		0	72	C5	5	627
51	51	202	1.0	1/2	1/2	4/4	3	1	1/4	1/4	1		-2	46	Bb2	2	635
51	51	202	1.0	1/2	1/2	4/4	4	1	1/4	1/4	1		-2	46	Bb2	2	639
51	51	202	1.0	1/2	1/2	4/4	2	1	1/4	1/4	1		-2	70	Bb4	4	631
51	51	202	2.0	1/2	1/2	4/4	1	1	1/2	1/2	1		-2	70	Bb4	4	628
51	51	203	1.0	3/4	3/4	4/4	3	1	1/4	1/4	1		-2	46	Bb2	2	636
51	51	203	1.0	3/4	3/4	4/4	4	1	1/4	1/4	1		-2	46	Bb2	2	640
51	51	407/2	0.5	7/8	7/8	4/4	2	1	1/8	1/8	1		2	74	D5	5	632
52	52	204	0.5	0	0	4/4	3	1	1/8	1/8	1		0	48	C3	3	652
52	52	204	0.5	0	0	4/4	4	1	1/8	1/8	1		0	48	C3	3	657
52	52	204	0.5	0	0	4/4	2	1	1/8	1/8	1		0	72	C5	5	644
52	52	409/2	0.5	1/8	1/8	4/4	3	1	1/8	1/8	1		2	50	D3	3	653
52	52	409/2	0.5	1/8	1/8	4/4	4	1	1/8	1/8	1		2	50	D3	3	658
52	52	409/2	0.5	1/8	1/8	4/4	2	1	1/8	1/8	1		-2	70	Bb4	4	645
52	52	205	0.5	1/4	1/4	4/4	3	1	1/8	1/8	1		-3	51	Eb3	3	654
52	52	205	0.5	1/4	1/4	4/4	4	1	1/8	1/8	1		-3	51	Eb3	3	659
52	52	205	0.5	1/4	1/4	4/4	2	1	1/8	1/8	1		3	69	A4	4	646
52	52	411/2	0.5	3/8	3/8	4/4	3	1	1/8	1/8	1		0	48	C3	3	655
52	52	411/2	0.5	3/8	3/8	4/4	4	1	1/8	1/8	1		0	48	C3	3	660
52	52	411/2	0.5	3/8	3/8	4/4	2	1	1/8	1/8	1		1	67	G4	4	647
52	52	206	1.0	1/2	1/2	4/4	4	1	1/4	1/4	1	1	2	50	D3	3	661
52	52	206	2.0	1/2	1/2	4/4	3	1	1/2	1/2	1	1	2	50	D3	3	656
52	52	206	0.5	1/2	1/2	4/4	2	1	1/8	1/8	1		6	66	F#4	4	648
52	52	413/2	0.25	5/8	5/8	4/4	2	1	1/16	1/16	1		1	67	G4	4	649
52	52	413/2	0.5	5/8	5/8	4/4	1	1	1/8	1/8	1		2	74	D5	5	641
52	52	827/4	0.25	11/16	11/16	4/4	2	1	1/16	1/16	1		3	69	A4	4	650
52	52	207	1.0	3/4	3/4	4/4	4	1	1/4	1/4	1	0	2	50	D3	3	662
52	52	207	1.0	3/4	3/4	4/4	2	1	1/4	1/4	1	1	1	67	G4	4	651
52	52	207	0.5	3/4	3/4	4/4	1	1	1/8	1/8	1		0	72	C5	5	642
52	52	415/2	0.5	7/8	7/8	4/4	1	1	1/8	1/8	1		-2	70	Bb4	4	643
53	53	208	1.0	0	0	4/4	4	1	1/4	1/4	1	0	2	50	D3	3	674
53	53	208	2.0	0	0	4/4	3	1	1/2	1/2	1	-1	2	50	D3	3	672
53	53	208	1.0	0	0	4/4	2	1	1/4	1/4	1	-1	1	67	G4	4	667
53	53	208	0.5	0	0	4/4	1	1	1/8	1/8	1		3	69	A4	4	663
53	53	417/2	0.5	1/8	1/8	4/4	1	1	1/8	1/8	1		1	67	G4	4	664
53	53	209	1.0	1/4	1/4	4/4	4	1	1/4	1/4	1	-1	2	50	D3	3	675
53	53	209	1.0	1/4	1/4	4/4	2	1	1/4	1/4	1		6	66	F#4	4	668
53	53	209	1.0	1/4	1/4	4/4	1	1	1/4	1/4	1		3	69	A4	4	665
53	53	210	1.0	1/2	1/2	4/4	4	1	1/4	1/4	1		1	43	G2	2	676
53	53	210	2.0	1/2	1/2	4/4	3	1	1/2	1/2	1		1	43	G2	2	673
53	53	210	0.5	1/2	1/2	4/4	2	1	1/8	1/8	1		1	67	G4	4	669
53	53	210	2.0	1/2	1/2	4/4	1	1	1/2	1/2	1		1	67	G4	4	666
53	53	421/2	0.5	5/8	5/8	4/4	2	1	1/8	1/8	1		2	74	D5	5	670
53	53	211	1.0	3/4	3/4	4/4	4	1	1/4	1/4	1		1	55	G3	3	677
53	53	211	1.0	3/4	3/4	4/4	2	1	1/4	1/4	1		-2	70	Bb4	4	671
54	54	212	1.0	0	0	4/4	4	1	1/4	1/4	1		6	54	F#3	3	690
54	54	212	1.0	0	0	4/4	2	1	1/4	1/4	1		3	69	A4	4	683
54	54	425/2	0.5	1/8	1/8	4/4	1	1	1/8	1/8	1		2	74	D5	5	678
54	54	213	1.0	1/4	1/4	4/4	4	1	1/4	1/4	1		1	55	G3	3	691
54	54	213	1.0	1/4	1/4	4/4	1	1	1/4	1/4	1		-2	70	Bb4	4	679
54	54	213	2.0	1/4	1/4	4/4	2	1	1/2	1/2	1		2	74	D5	5	684
54	54	427/2	0.5	3/8	3/8	4/4	3	1	1/8	1/8	1		1	55	G3	3	686
54	54	214	1.0	1/2	1/2	4/4	4	1	1/4	1/4	1		2	50	D3	3	692
54	54	214	1.0	1/2	1/2	4/4	3	1	1/4	1/4	1		6	54	F#3	3	687
54	54	214	0.5	1/2	1/2	4/4	1	1	1/8	1/8	1		3	69	A4	4	680
54	54	429/2	0.5	5/8	5/8	4/4	1	1	1/8	1/8	1		2	74	D5	5	681
54	54	215	1.0	3/4	3/4	4/4	4	1	1/4	1/4	1		1	43	G2	2	693
54	54	215	0.5	3/4	3/4	4/4	3	1	1/8	1/8	1		2	50	D3	3	688
54	54	215	1.0	3/4	3/4	4/4	1	1	1/4	1/4	1		-2	70	Bb4	4	682
54	54	215	1.0	3/4	3/4	4/4	2	1	1/4	1/4	1		2	74	D5	5	685
54	54	431/2	0.5	7/8	7/8	4/4	3	1	1/8	1/8	1		1	55	G3	3	689
55	55	216	1.0	0	0	4/4	4	1	1/4	1/4	1		2	50	D3	3	709
55	55	216	1.0	0	0	4/4	3	1	1/4	1/4	1		6	54	F#3	3	706
55	55	216	2.0	0	0	4/4	1	1	1/2	1/2	1		3	69	A4	4	694
55	55	216	0.75	0	0	4/4	2	1	3/16	1/8	3/2		2	74	D5	5	697
55	55	867/4	0.25	3/16	3/16	4/4	2	1	1/16	1/16	1		-3	75	Eb5	5	698
55	55	217	1.0	1/4	1/4	4/4	3	1	1/4	1/4	1		2	50	D3	3	707
55	55	217	1.0	1/4	1/4	4/4	4	1	1/4	1/4	1		6	54	F#3	3	710
55	55	217	0.75	1/4	1/4	4/4	2	1	3/16	1/8	3/2		2	74	D5	5	699
55	55	871/4	0.25	7/16	7/16	4/4	2	1	1/16	1/16	1		-3	75	Eb5	5	700
55	55	218	2.0	1/2	1/2	4/4	3	1	1/2	1/2	1	1	1	55	G3	3	708
55	55	218	2.0	1/2	1/2	4/4	4	1	1/2	1/2	1	1	1	55	G3	3	711
55	55	218	1.0	1/2	1/2	4/4	1	1	1/4	1/4	1		-2	70	Bb4	4	695
55	55	218	0.75	1/2	1/2	4/4	2	1	3/16	1/8	3/2		2	74	D5	5	701
55	55	875/4	0.25	11/16	11/16	4/4	2	1	1/16	1/16	1		-3	75	Eb5	5	702
55	55	219	1.0	3/4	3/4	4/4	1	1	1/4	1/4	1		-2	70	Bb4	4	696
55	55	219	0.5	3/4	3/4	4/4	2	1	1/8	1/8	1		2	74	D5	5	703
55	55	439/2	0.25	7/8	7/8	4/4	2	1	1/16	1/16	1		0	72	C5	5	704
55	55	879/4	0.25	15/16	15/16	4/4	2	1	1/16	1/16	1		-2	70	Bb4	4	705
56	56	220	2.0	0	0	4/4	3	1	1/2	1/2	1	-1	1	55	G3	3	729
56	56	220	2.0	0	0	4/4	4	1	1/2	1/2	1	-1	1	55	G3	3	731
56	56	220	0.75	0	0	4/4	2	1	3/16	1/8	3/2		3	69	A4	4	721
56	56	220	0.75	0	0	4/4	1	1	3/16	1/8	3/2		2	74	D5	5	712
56	56	883/4	0.25	3/16	3/16	4/4	2	1	1/16	1/16	1		-2	70	Bb4	4	722
56	56	883/4	0.25	3/16	3/16	4/4	1	1	1/16	1/16	1		-3	75	Eb5	5	713
56	56	221	0.75	1/4	1/4	4/4	2	1	3/16	1/8	3/2		3	69	A4	4	723
56	56	221	0.75	1/4	1/4	4/4	1	1	3/16	1/8	3/2		2	74	D5	5	714
56	56	887/4	0.25	7/16	7/16	4/4	2	1	1/16	1/16	1		-2	70	Bb4	4	724
56	56	887/4	0.25	7/16	7/16	4/4	1	1	1/16	1/16	1		-3	75	Eb5	5	715
56	56	222	2.0	1/2	1/2	4/4	3	1	1/2	1/2	1		6	54	F#3	3	730
56	56	222	2.0	1/2	1/2	4/4	4	1	1/2	1/2	1		6	54	F#3	3	732
56	56	222	0.75	1/2	1/2	4/4	2	1	3/16	1/8	3/2		3	69	A4	4	725
56	56	222	0.75	1/2	1/2	4/4	1	1	3/16	1/8	3/2		2	74	D5	5	716
56	56	891/4	0.25	11/16	11/16	4/4	2	1	1/16	1/16	1		-2	70	Bb4	4	726
56	56	891/4	0.25	11/16	11/16	4/4	1	1	1/16	1/16	1		-3	75	Eb5	5	717
56	56	223	0.75	3/4	3/4	4/4	2	1	3/16	1/8	3/2		3	69	A4	4	727
56	56	223	0.5	3/4	3/4	4/4	1	1	1/8	1/8	1		2	74	D5	5	718
56	56	447/2	0.25	7/8	7/8	4/4	1	1	1/16	1/16	1		0	72	C5	5	719
56	56	895/4	0.25	15/16	15/16	4/4	2	1	1/16	1/16	1		1	67	G4	4	728
56	56	895/4	0.25	15/16	15/16	4/4	1	1	1/16	1/16	1		-2	70	Bb4	4	720
57	57	224	1.0	0	0	4/4	4	1	1/4	1/4	1	1	2	50	D3	3	745
57	57	224	0.5	0	0	4/4	2	1	1/8	1/8	1		6	66	F#4	4	739
57	57	224	0.75	0	0	4/4	1	1	3/16	1/8	3/2		3	69	A4	4	733
57	57	449/2	0.25	1/8	1/8	4/4	2	1	1/16	1/16	1		1	67	G4	4	740
57	57	899/4	0.25	3/16	3/16	4/4	2	1	1/16	1/16	1		3	69	A4	4	741
57	57	899/4	0.25	3/16	3/16	4/4	1	1	1/16	1/16	1		-2	70	Bb4	4	734
57	57	225	2.0	1/4	1/4	4/4	4	1	1/2	1/2	1	0	2	50	D3	3	746
57	57	225	2.0	1/4	1/4	4/4	2	1	1/2	1/2	1		1	67	G4	4	742
57	57	225	0.75	1/4	1/4	4/4	1	1	3/16	1/8	3/2		3	69	A4	4	735
57	57	903/4	0.25	7/16	7/16	4/4	1	1	1/16	1/16	1		-2	70	Bb4	4	736
57	57	226	1.5	1/2	1/2	4/4	1	1	3/8	1/4	3/2		3	69	A4	4	737
57	57	227	1.0	3/4	3/4	4/4	3	1	1/4	1/4	1		2	50	D3	3	744
57	57	227	1.0	3/4	3/4	4/4	4	1	1/4	1/4	1	-1	2	50	D3	3	747
57	57	227	1.0	3/4	3/4	4/4	2	1	1/4	1/4	1		6	66	F#4	4	743
57	57	455/2	0.5	7/8	7/8	4/4	1	1	1/8	1/8	1		1	67	G4	4	738
58	58	228	4.0	0	0	4/4	4	1	1	1	1		1	43	G2	2	755
58	58	228	1.0	0	0	4/4	3	1	1/4	1/4	1		-2	46	Bb2	2	750
58	58	228	2.0	0	0	4/4	1	1	1/2	1/2	1		1	67	G4	4	748
58	58	228	2.0	0	0	4/4	2	1	1/2	1/2	1		1	67	G4	4	749
58	58	229	0.5	1/4	1/4	4/4	3	1	1/8	1/8	1		1	43	G2	2	751
58	58	459/2	0.5	3/8	3/8	4/4	3	1	1/8	1/8	1		2	50	D3	3	752
58	58	230	1.0	1/2	1/2	4/4	3	1	1/4	1/4	1		-2	46	Bb2	2	753
58	58	231	1.0	3/4	3/4	4/4	3	1	1/4	1/4	1		1	43	G2	2	754
59	59	232	4.0	0	0	4/4	3	1	1	1	1		-2	58	Bb3	3	764
59	59	232	4.0	0	0	4/4	4	1	1	1	1		-2	58	Bb3	3	765
59	59	232	0.75	0	0	4/4	1	1	3/16	1/8	3/2		2	74	D5	5	756
59	59	931/4	0.25	3/16	3/16	4/4	1	1	1/16	1/16	1		-3	75	Eb5	5	757
59	59	233	0.75	1/4	1/4	4/4	1	1	3/16	1/8	3/2		2	74	D5	5	758
59	59	935/4	0.25	7/16	7/16	4/4	1	1	1/16	1/16	1		-3	75	Eb5	5	759
59	59	234	0.75	1/2	1/2	4/4	1	1	3/16	1/8	3/2		2	74	D5	5	760
59	59	939/4	0.25	11/16	11/16	4/4	1	1	1/16	1/16	1		-3	75	Eb5	5	761
59	59	235	0.75	3/4	3/4	4/4	1	1	3/16	1/8	3/2		2	74	D5	5	762
59	59	943/4	0.25	15/16	15/16	4/4	1	1	1/16	1/16	1		0	72	C5	5	763
60	60	236	2.0	0	0	4/4	3	1	1/2	1/2	1		1	55	G3	3	782
60	60	236	4.0	0	0	4/4	4	1	1	1	1		1	55	G3	3	783
60	60	236	0.75	0	0	4/4	1	1	3/16	1/8	3/2		-2	70	Bb4	4	766
60	60	236	0.75	0	0	4/4	2	1	3/16	1/8	3/2		2	74	D5	5	774
60	60	947/4	0.25	3/16	3/16	4/4	1	1	1/16	1/16	1		0	72	C5	5	767
60	60	947/4	0.25	3/16	3/16	4/4	2	1	1/16	1/16	1		-3	75	Eb5	5	775
60	60	237	0.75	1/4	1/4	4/4	1	1	3/16	1/8	3/2		-2	70	Bb4	4	768
60	60	237	0.75	1/4	1/4	4/4	2	1	3/16	1/8	3/2		2	74	D5	5	776
60	60	951/4	0.25	7/16	7/16	4/4	1	1	1/16	1/16	1		0	72	C5	5	769
60	60	951/4	0.25	7/16	7/16	4/4	2	1	1/16	1/16	1		-3	75	Eb5	5	777
60	60	238	0.75	1/2	1/2	4/4	1	1	3/16	1/8	3/2		-2	70	Bb4	4	770
60	60	238	0.75	1/2	1/2	4/4	2	1	3/16	1/8	3/2		2	74	D5	5	778
60	60	955/4	0.25	11/16	11/16	4/4	1	1	1/16	1/16	1		0	72	C5	5	771
60	60	955/4	0.25	11/16	11/16	4/4	2	1	1/16	1/16	1		-3	75	Eb5	5	779
60	60	239	0.75	3/4	3/4	4/4	1	1	3/16	1/8	3/2		-2	70	Bb4	4	772
60	60	239	0.75	3/4	3/4	4/4	2	1	3/16	1/8	3/2		2	74	D5	5	780
60	60	959/4	0.25	15/16	15/16	4/4	1	1	1/16	1/16	1		3	69	A4	4	773
60	60	959/4	0.25	15/16	15/16	4/4	2	1	1/16	1/16	1		0	72	C5	5	781
61	61	240	0.75	0	0	4/4	3	1	3/16	1/8	3/2		1	55	G3	3	794
61	61	240	3.0	0	0	4/4	4	1	3/4	1/2	3/2		1	55	G3	3	802
61	61	240	3.0	0	0	4/4	1	1	3/4	1/2	3/2		1	67	G4	4	784
61	61	240	0.75	0	0	4/4	2	1	3/16	1/8	3/2		-2	70	Bb4	4	786
61	61	963/4	0.25	3/16	3/16	4/4	3	1	1/16	1/16	1		3	57	A3	3	795
61	61	963/4	0.25	3/16	3/16	4/4	2	1	1/16	1/16	1		0	72	C5	5	787
61	61	241	0.75	1/4	1/4	4/4	3	1	3/16	1/8	3/2		1	55	G3	3	796
61	61	241	0.75	1/4	1/4	4/4	2	1	3/16	1/8	3/2		-2	70	Bb4	4	788
61	61	967/4	0.25	7/16	7/16	4/4	3	1	1/16	1/16	1		3	57	A3	3	797
61	61	967/4	0.25	7/16	7/16	4/4	2	1	1/16	1/16	1		0	72	C5	5	789
61	61	242	0.75	1/2	1/2	4/4	3	1	3/16	1/8	3/2		1	55	G3	3	798
61	61	242	0.75	1/2	1/2	4/4	2	1	3/16	1/8	3/2		-2	70	Bb4	4	790
61	61	971/4	0.25	11/16	11/16	4/4	3	1	1/16	1/16	1		3	57	A3	3	799
61	61	971/4	0.25	11/16	11/16	4/4	2	1	1/16	1/16	1		0	72	C5	5	791
61	61	243	1.0	3/4	3/4	4/4	4	1	1/4	1/4	1		-1	53	F3	3	803
61	61	243	0.75	3/4	3/4	4/4	3	1	3/16	1/8	3/2		1	55	G3	3	800
61	61	243	1.0	3/4	3/4	4/4	1	1	1/4	1/4	1		3	69	A4	4	785
61	61	243	0.75	3/4	3/4	4/4	2	1	3/16	1/8	3/2		-2	70	Bb4	4	792
61	61	975/4	0.25	15/16	15/16	4/4	3	1	1/16	1/16	1		-1	53	F3	3	801
61	61	975/4	0.25	15/16	15/16	4/4	2	1	1/16	1/16	1		3	69	A4	4	793
62	62	244	0.75	0	0	4/4	3	1	3/16	1/8	3/2		-3	51	Eb3	3	810
62	62	244	3.0	0	0	4/4	4	1	3/4	1/2	3/2		-3	51	Eb3	3	818
62	62	244	3.0	0	0	4/4	2	1	3/4	1/2	3/2		1	67	G4	4	807
62	62	244	3.0	0	0	4/4	1	1	3/4	1/2	3/2		-2	70	Bb4	4	804
62	62	979/4	0.25	3/16	3/16	4/4	3	1	1/16	1/16	1		-1	53	F3	3	811
62	62	245	0.75	1/4	1/4	4/4	3	1	3/16	1/8	3/2		-3	51	Eb3	3	812
62	62	983/4	0.25	7/16	7/16	4/4	3	1	1/16	1/16	1		-1	53	F3	3	813
62	62	246	0.75	1/2	1/2	4/4	3	1	3/16	1/8	3/2		-3	51	Eb3	3	814
62	62	987/4	0.25	11/16	11/16	4/4	3	1	1/16	1/16	1		-1	53	F3	3	815
62	62	247	1.0	3/4	3/4	4/4	4	1	1/4	1/4	1		2	50	D3	3	819
62	62	247	0.75	3/4	3/4	4/4	3	1	3/16	1/8	3/2		-3	51	Eb3	3	816
62	62	247	0.5	3/4	3/4	4/4	2	1	1/8	1/8	1		3	69	A4	4	808
62	62	247	0.5	3/4	3/4	4/4	1	1	1/8	1/8	1		0	72	C5	5	805
62	62	495/2	0.5	7/8	7/8	4/4	2	1	1/8	1/8	1		5	71	B4	4	809
62	62	495/2	0.5	7/8	7/8	4/4	1	1	1/8	1/8	1		2	74	D5	5	806
62	62	991/4	0.25	15/16	15/16	4/4	3	1	1/16	1/16	1		2	50	D3	3	817
63	63	248	3.0	0	0	4/4	3	1	3/4	1/2	3/2		0	48	C3	3	824
63	63	248	4.0	0	0	4/4	4	1	1	1	1		0	48	C3	3	826
63	63	248	3.0	0	0	4/4	2	1	3/4	1/2	3/2		0	72	C5	5	822
63	63	248	3.0	0	0	4/4	1	1	3/4	1/2	3/2		-3	75	Eb5	5	820
63	63	251	1.0	3/4	3/4	4/4	3	1	1/4	1/4	1		0	48	C3	3	825
63	63	251	1.0	3/4	3/4	4/4	2	1	1/4	1/4	1		0	72	C5	5	823
63	63	251	1.0	3/4	3/4	4/4	1	1	1/4	1/4	1		-3	75	Eb5	5	821
64	64	252	4.0	0	0	4/4	3	1	1	1	1		1	43	G2	2	829
64	64	252	4.0	0	0	4/4	4	1	1	1	1		1	43	G2	2	830
64	64	252	4.0	0	0	4/4	2	1	1	1	1		5	71	B4	4	828
64	64	252	4.0	0	0	4/4	1	1	1	1	1		2	74	D5	5	827
